fecha,cod_ine,CCAA,number_of_cases
2/21/2020,1,Andalucía,0
2/22/2020,1,Andalucía,0
2/23/2020,1,Andalucía,0
2/24/2020,1,Andalucía,0
2/25/2020,1,Andalucía,0
2/26/2020,1,Andalucía,0
2/27/2020,1,Andalucía,1
2/28/2020,1,Andalucía,6
2/29/2020,1,Andalucía,8
3/1/2020,1,Andalucía,12
3/2/2020,1,Andalucía,12
3/3/2020,1,Andalucía,12
3/4/2020,1,Andalucía,12
3/5/2020,1,Andalucía,12
3/6/2020,1,Andalucía,21
3/7/2020,1,Andalucía,27
3/8/2020,1,Andalucía,34
3/9/2020,1,Andalucía,54
3/10/2020,1,Andalucía,71
3/11/2020,1,Andalucía,90
3/12/2020,1,Andalucía,115
3/13/2020,1,Andalucía,219
3/14/2020,1,Andalucía,269
3/15/2020,1,Andalucía,437
3/16/2020,1,Andalucía,554
3/17/2020,1,Andalucía,683
3/18/2020,1,Andalucía,859
3/19/2020,1,Andalucía,1008
3/20/2020,1,Andalucía,1287
3/21/2020,1,Andalucía,1515
3/22/2020,1,Andalucía,1725
3/23/2020,1,Andalucía,1961
3/24/2020,1,Andalucía,2470
3/25/2020,1,Andalucía,3008
3/26/2020,1,Andalucía,3404
3/27/2020,1,Andalucía,3790
3/28/2020,1,Andalucía,4271
3/29/2020,1,Andalucía,4676
3/30/2020,1,Andalucía,5398
3/31/2020,1,Andalucía,5809
4/1/2020,1,Andalucía,6379
4/2/2020,1,Andalucía,6957
4/3/2020,1,Andalucía,7353
4/4/2020,1,Andalucía,7847
4/5/2020,1,Andalucía,8279
4/6/2020,1,Andalucía,8559
4/7/2020,1,Andalucía,8743
4/8/2020,1,Andalucía,8973
4/9/2020,1,Andalucía,9234
4/10/2020,1,Andalucía,9482
4/11/2020,1,Andalucía,9682
4/12/2020,1,Andalucía,9976
4/13/2020,1,Andalucía,10062
4/14/2020,1,Andalucía,10283
4/15/2020,1,Andalucía,10561
4/16/2020,1,Andalucía,10773
4/17/2020,1,Andalucía,11018
4/18/2020,1,Andalucía,11168
4/19/2020,1,Andalucía,11389
4/20/2020,1,Andalucía,11518
4/21/2020,1,Andalucía,11648
4/22/2020,1,Andalucía,11879
4/23/2020,1,Andalucía,12195
4/24/2020,1,Andalucía,12449
4/25/2020,1,Andalucía,12774
4/26/2020,1,Andalucía,12972
4/27/2020,1,Andalucía,13108
4/28/2020,1,Andalucía,13195
4/29/2020,1,Andalucía,13445
4/30/2020,1,Andalucía,13624
5/1/2020,1,Andalucía,13881
5/2/2020,1,Andalucía,14128
5/3/2020,1,Andalucía,14251
5/4/2020,1,Andalucía,14311
5/5/2020,1,Andalucía,14351
5/6/2020,1,Andalucía,14593
5/7/2020,1,Andalucía,14824
5/8/2020,1,Andalucía,15002
5/9/2020,1,Andalucía,15180
5/10/2020,1,Andalucía,15355
5/11/2020,1,Andalucía,15422
5/12/2020,1,Andalucía,15522
5/13/2020,1,Andalucía,15629
5/14/2020,1,Andalucía,15823
5/15/2020,1,Andalucía,16068
5/16/2020,1,Andalucía,16263
5/17/2020,1,Andalucía,16432
2/21/2020,2,Aragón,0
2/22/2020,2,Aragón,0
2/23/2020,2,Aragón,0
2/24/2020,2,Aragón,0
2/25/2020,2,Aragón,0
2/26/2020,2,Aragón,0
2/27/2020,2,Aragón,0
2/28/2020,2,Aragón,0
2/29/2020,2,Aragón,0
3/1/2020,2,Aragón,0
3/2/2020,2,Aragón,0
3/3/2020,2,Aragón,0
3/4/2020,2,Aragón,0
3/5/2020,2,Aragón,1
3/6/2020,2,Aragón,1
3/7/2020,2,Aragón,5
3/8/2020,2,Aragón,5
3/9/2020,2,Aragón,7
3/10/2020,2,Aragón,30
3/11/2020,2,Aragón,38
3/12/2020,2,Aragón,45
3/13/2020,2,Aragón,64
3/14/2020,2,Aragón,80
3/15/2020,2,Aragón,121
3/16/2020,2,Aragón,147
3/17/2020,2,Aragón,207
3/18/2020,2,Aragón,226
3/19/2020,2,Aragón,281
3/20/2020,2,Aragón,360
3/21/2020,2,Aragón,424
3/22/2020,2,Aragón,532
3/23/2020,2,Aragón,638
3/24/2020,2,Aragón,758
3/25/2020,2,Aragón,907
3/26/2020,2,Aragón,1116
3/27/2020,2,Aragón,1338
3/28/2020,2,Aragón,1592
3/29/2020,2,Aragón,1858
3/30/2020,2,Aragón,2078
3/31/2020,2,Aragón,2272
4/1/2020,2,Aragón,2491
4/2/2020,2,Aragón,2700
4/3/2020,2,Aragón,2889
4/4/2020,2,Aragón,3078
4/5/2020,2,Aragón,3232
4/6/2020,2,Aragón,3347
4/7/2020,2,Aragón,3449
4/8/2020,2,Aragón,3549
4/9/2020,2,Aragón,3685
4/10/2020,2,Aragón,3831
4/11/2020,2,Aragón,3998
4/12/2020,2,Aragón,4125
4/13/2020,2,Aragón,4248
4/14/2020,2,Aragón,4332
4/15/2020,2,Aragón,4450
4/16/2020,2,Aragón,4566
4/17/2020,2,Aragón,4664
4/18/2020,2,Aragón,4761
4/19/2020,2,Aragón,4831
4/20/2020,2,Aragón,4886
4/21/2020,2,Aragón,4938
4/22/2020,2,Aragón,5054
4/23/2020,2,Aragón,5237
4/24/2020,2,Aragón,5295
4/25/2020,2,Aragón,5382
4/26/2020,2,Aragón,5456
4/27/2020,2,Aragón,5504
4/28/2020,2,Aragón,5557
4/29/2020,2,Aragón,5652
4/30/2020,2,Aragón,5971
5/1/2020,2,Aragón,6103
5/2/2020,2,Aragón,6164
5/3/2020,2,Aragón,6208
5/4/2020,2,Aragón,6239
5/5/2020,2,Aragón,6282
5/6/2020,2,Aragón,6382
5/7/2020,2,Aragón,6516
5/8/2020,2,Aragón,6575
5/9/2020,2,Aragón,6656
5/10/2020,2,Aragón,6702
5/11/2020,2,Aragón,6731
5/12/2020,2,Aragón,6797
5/13/2020,2,Aragón,6856
5/14/2020,2,Aragón,6943
5/15/2020,2,Aragón,7015
5/16/2020,2,Aragón,7125
5/17/2020,2,Aragón,7177
2/21/2020,3,Asturias,0
2/22/2020,3,Asturias,0
2/23/2020,3,Asturias,0
2/24/2020,3,Asturias,0
2/25/2020,3,Asturias,0
2/26/2020,3,Asturias,0
2/27/2020,3,Asturias,0
2/28/2020,3,Asturias,0
2/29/2020,3,Asturias,0
3/1/2020,3,Asturias,1
3/2/2020,3,Asturias,1
3/3/2020,3,Asturias,1
3/4/2020,3,Asturias,3
3/5/2020,3,Asturias,4
3/6/2020,3,Asturias,5
3/7/2020,3,Asturias,7
3/8/2020,3,Asturias,8
3/9/2020,3,Asturias,10
3/10/2020,3,Asturias,21
3/11/2020,3,Asturias,37
3/12/2020,3,Asturias,45
3/13/2020,3,Asturias,62
3/14/2020,3,Asturias,100
3/15/2020,3,Asturias,145
3/16/2020,3,Asturias,190
3/17/2020,3,Asturias,236
3/18/2020,3,Asturias,280
3/19/2020,3,Asturias,336
3/20/2020,3,Asturias,469
3/21/2020,3,Asturias,545
3/22/2020,3,Asturias,589
3/23/2020,3,Asturias,657
3/24/2020,3,Asturias,764
3/25/2020,3,Asturias,849
3/26/2020,3,Asturias,914
3/27/2020,3,Asturias,995
3/28/2020,3,Asturias,1077
3/29/2020,3,Asturias,1172
3/30/2020,3,Asturias,1251
3/31/2020,3,Asturias,1330
4/1/2020,3,Asturias,1392
4/2/2020,3,Asturias,1473
4/3/2020,3,Asturias,1533
4/4/2020,3,Asturias,1607
4/5/2020,3,Asturias,1650
4/6/2020,3,Asturias,1704
4/7/2020,3,Asturias,1730
4/8/2020,3,Asturias,1777
4/9/2020,3,Asturias,1861
4/10/2020,3,Asturias,1911
4/11/2020,3,Asturias,1974
4/12/2020,3,Asturias,2058
4/13/2020,3,Asturias,2088
4/14/2020,3,Asturias,2139
4/15/2020,3,Asturias,2208
4/16/2020,3,Asturias,2288
4/17/2020,3,Asturias,2327
4/18/2020,3,Asturias,2373
4/19/2020,3,Asturias,2393
4/20/2020,3,Asturias,2408
4/21/2020,3,Asturias,2453
4/22/2020,3,Asturias,2515
4/23/2020,3,Asturias,2561
4/24/2020,3,Asturias,2601
4/25/2020,3,Asturias,2653
4/26/2020,3,Asturias,2703
4/27/2020,3,Asturias,2736
4/28/2020,3,Asturias,2809
4/29/2020,3,Asturias,2876
4/30/2020,3,Asturias,2933
5/1/2020,3,Asturias,2974
5/2/2020,3,Asturias,2997
5/3/2020,3,Asturias,3018
5/4/2020,3,Asturias,3030
5/5/2020,3,Asturias,3058
5/6/2020,3,Asturias,3094
5/7/2020,3,Asturias,3099
5/8/2020,3,Asturias,3157
5/9/2020,3,Asturias,3183
5/10/2020,3,Asturias,3197
5/11/2020,3,Asturias,3212
5/12/2020,3,Asturias,3226
5/13/2020,3,Asturias,3252
5/14/2020,3,Asturias,3266
5/15/2020,3,Asturias,3295
5/16/2020,3,Asturias,3327
5/17/2020,3,Asturias,3344
2/21/2020,4,Baleares,1
2/22/2020,4,Baleares,1
2/23/2020,4,Baleares,1
2/24/2020,4,Baleares,1
2/25/2020,4,Baleares,1
2/26/2020,4,Baleares,1
2/27/2020,4,Baleares,1
2/28/2020,4,Baleares,1
2/29/2020,4,Baleares,2
3/1/2020,4,Baleares,2
3/2/2020,4,Baleares,2
3/3/2020,4,Baleares,2
3/4/2020,4,Baleares,5
3/5/2020,4,Baleares,6
3/6/2020,4,Baleares,6
3/7/2020,4,Baleares,6
3/8/2020,4,Baleares,8
3/9/2020,4,Baleares,11
3/10/2020,4,Baleares,13
3/11/2020,4,Baleares,16
3/12/2020,4,Baleares,22
3/13/2020,4,Baleares,28
3/14/2020,4,Baleares,28
3/15/2020,4,Baleares,42
3/16/2020,4,Baleares,73
3/17/2020,4,Baleares,92
3/18/2020,4,Baleares,112
3/19/2020,4,Baleares,169
3/20/2020,4,Baleares,203
3/21/2020,4,Baleares,246
3/22/2020,4,Baleares,331
3/23/2020,4,Baleares,400
3/24/2020,4,Baleares,478
3/25/2020,4,Baleares,562
3/26/2020,4,Baleares,660
3/27/2020,4,Baleares,755
3/28/2020,4,Baleares,862
3/29/2020,4,Baleares,958
3/30/2020,4,Baleares,1000
3/31/2020,4,Baleares,1069
4/1/2020,4,Baleares,1131
4/2/2020,4,Baleares,1204
4/3/2020,4,Baleares,1257
4/4/2020,4,Baleares,1271
4/5/2020,4,Baleares,1293
4/6/2020,4,Baleares,1320
4/7/2020,4,Baleares,1369
4/8/2020,4,Baleares,1412
4/9/2020,4,Baleares,1448
4/10/2020,4,Baleares,1488
4/11/2020,4,Baleares,1507
4/12/2020,4,Baleares,1534
4/13/2020,4,Baleares,1550
4/14/2020,4,Baleares,1571
4/15/2020,4,Baleares,1605
4/16/2020,4,Baleares,1636
4/17/2020,4,Baleares,1667
4/18/2020,4,Baleares,1747
4/19/2020,4,Baleares,1772
4/20/2020,4,Baleares,1787
4/21/2020,4,Baleares,1807
4/22/2020,4,Baleares,1834
4/23/2020,4,Baleares,1859
4/24/2020,4,Baleares,1876
4/25/2020,4,Baleares,1905
4/26/2020,4,Baleares,1915
4/27/2020,4,Baleares,1920
4/28/2020,4,Baleares,1938
4/29/2020,4,Baleares,1948
4/30/2020,4,Baleares,1953
5/1/2020,4,Baleares,1968
5/2/2020,4,Baleares,1982
5/3/2020,4,Baleares,1988
5/4/2020,4,Baleares,1989
5/5/2020,4,Baleares,1995
5/6/2020,4,Baleares,2011
5/7/2020,4,Baleares,2021
5/8/2020,4,Baleares,2027
5/9/2020,4,Baleares,2040
5/10/2020,4,Baleares,2053
5/11/2020,4,Baleares,2056
5/12/2020,4,Baleares,2056
5/13/2020,4,Baleares,2061
5/14/2020,4,Baleares,2062
5/15/2020,4,Baleares,2071
5/16/2020,4,Baleares,2087
5/17/2020,4,Baleares,2096
2/21/2020,5,Canarias,1
2/22/2020,5,Canarias,1
2/23/2020,5,Canarias,1
2/24/2020,5,Canarias,1
2/25/2020,5,Canarias,2
2/26/2020,5,Canarias,5
2/27/2020,5,Canarias,6
2/28/2020,5,Canarias,6
2/29/2020,5,Canarias,6
3/1/2020,5,Canarias,7
3/2/2020,5,Canarias,7
3/3/2020,5,Canarias,7
3/4/2020,5,Canarias,7
3/5/2020,5,Canarias,8
3/6/2020,5,Canarias,11
3/7/2020,5,Canarias,11
3/8/2020,5,Canarias,17
3/9/2020,5,Canarias,22
3/10/2020,5,Canarias,25
3/11/2020,5,Canarias,37
3/12/2020,5,Canarias,51
3/13/2020,5,Canarias,70
3/14/2020,5,Canarias,90
3/15/2020,5,Canarias,109
3/16/2020,5,Canarias,119
3/17/2020,5,Canarias,148
3/18/2020,5,Canarias,181
3/19/2020,5,Canarias,220
3/20/2020,5,Canarias,287
3/21/2020,5,Canarias,348
3/22/2020,5,Canarias,414
3/23/2020,5,Canarias,481
3/24/2020,5,Canarias,557
3/25/2020,5,Canarias,657
3/26/2020,5,Canarias,784
3/27/2020,5,Canarias,878
3/28/2020,5,Canarias,1025
3/29/2020,5,Canarias,1125
3/30/2020,5,Canarias,1204
3/31/2020,5,Canarias,1262
4/1/2020,5,Canarias,1380
4/2/2020,5,Canarias,1444
4/3/2020,5,Canarias,1490
4/4/2020,5,Canarias,1564
4/5/2020,5,Canarias,1622
4/6/2020,5,Canarias,1649
4/7/2020,5,Canarias,1725
4/8/2020,5,Canarias,1762
4/9/2020,5,Canarias,1834
4/10/2020,5,Canarias,1858
4/11/2020,5,Canarias,1887
4/12/2020,5,Canarias,1918
4/13/2020,5,Canarias,1944
4/14/2020,5,Canarias,1958
4/15/2020,5,Canarias,1975
4/16/2020,5,Canarias,1988
4/17/2020,5,Canarias,2009
4/18/2020,5,Canarias,2035
4/19/2020,5,Canarias,2047
4/20/2020,5,Canarias,2067
4/21/2020,5,Canarias,2085
4/22/2020,5,Canarias,2094
4/23/2020,5,Canarias,2113
4/24/2020,5,Canarias,2140
4/25/2020,5,Canarias,2155
4/26/2020,5,Canarias,2167
4/27/2020,5,Canarias,2178
4/28/2020,5,Canarias,2187
4/29/2020,5,Canarias,2202
4/30/2020,5,Canarias,2205
5/1/2020,5,Canarias,2206
5/2/2020,5,Canarias,2212
5/3/2020,5,Canarias,2221
5/4/2020,5,Canarias,2225
5/5/2020,5,Canarias,2231
5/6/2020,5,Canarias,2231
5/7/2020,5,Canarias,2235
5/8/2020,5,Canarias,2240
5/9/2020,5,Canarias,2250
5/10/2020,5,Canarias,2258
5/11/2020,5,Canarias,2260
5/12/2020,5,Canarias,2268
5/13/2020,5,Canarias,2271
5/14/2020,5,Canarias,2275
5/15/2020,5,Canarias,2280
5/16/2020,5,Canarias,2284
5/17/2020,5,Canarias,2289
2/21/2020,6,Cantabria,0
2/22/2020,6,Cantabria,0
2/23/2020,6,Cantabria,0
2/24/2020,6,Cantabria,0
2/25/2020,6,Cantabria,0
2/26/2020,6,Cantabria,0
2/27/2020,6,Cantabria,0
2/28/2020,6,Cantabria,0
2/29/2020,6,Cantabria,0
3/1/2020,6,Cantabria,1
3/2/2020,6,Cantabria,10
3/3/2020,6,Cantabria,10
3/4/2020,6,Cantabria,10
3/5/2020,6,Cantabria,10
3/6/2020,6,Cantabria,10
3/7/2020,6,Cantabria,10
3/8/2020,6,Cantabria,12
3/9/2020,6,Cantabria,12
3/10/2020,6,Cantabria,12
3/11/2020,6,Cantabria,12
3/12/2020,6,Cantabria,16
3/13/2020,6,Cantabria,29
3/14/2020,6,Cantabria,31
3/15/2020,6,Cantabria,51
3/16/2020,6,Cantabria,58
3/17/2020,6,Cantabria,58
3/18/2020,6,Cantabria,68
3/19/2020,6,Cantabria,83
3/20/2020,6,Cantabria,144
3/21/2020,6,Cantabria,215
3/22/2020,6,Cantabria,282
3/23/2020,6,Cantabria,347
3/24/2020,6,Cantabria,425
3/25/2020,6,Cantabria,510
3/26/2020,6,Cantabria,671
3/27/2020,6,Cantabria,810
3/28/2020,6,Cantabria,937
3/29/2020,6,Cantabria,1023
3/30/2020,6,Cantabria,1100
3/31/2020,6,Cantabria,1171
4/1/2020,6,Cantabria,1213
4/2/2020,6,Cantabria,1268
4/3/2020,6,Cantabria,1321
4/4/2020,6,Cantabria,1384
4/5/2020,6,Cantabria,1441
4/6/2020,6,Cantabria,1483
4/7/2020,6,Cantabria,1501
4/8/2020,6,Cantabria,1572
4/9/2020,6,Cantabria,1619
4/10/2020,6,Cantabria,1659
4/11/2020,6,Cantabria,1719
4/12/2020,6,Cantabria,1752
4/13/2020,6,Cantabria,1777
4/14/2020,6,Cantabria,1796
4/15/2020,6,Cantabria,1823
4/16/2020,6,Cantabria,1845
4/17/2020,6,Cantabria,1884
4/18/2020,6,Cantabria,1990
4/19/2020,6,Cantabria,2050
4/20/2020,6,Cantabria,2083
4/21/2020,6,Cantabria,2108
4/22/2020,6,Cantabria,2160
4/23/2020,6,Cantabria,2206
4/24/2020,6,Cantabria,2273
4/25/2020,6,Cantabria,2315
4/26/2020,6,Cantabria,2330
4/27/2020,6,Cantabria,2350
4/28/2020,6,Cantabria,2386
4/29/2020,6,Cantabria,2439
4/30/2020,6,Cantabria,2505
5/1/2020,6,Cantabria,2547
5/2/2020,6,Cantabria,2577
5/3/2020,6,Cantabria,2589
5/4/2020,6,Cantabria,2596
5/5/2020,6,Cantabria,2607
5/6/2020,6,Cantabria,2626
5/7/2020,6,Cantabria,2642
5/8/2020,6,Cantabria,2665
5/9/2020,6,Cantabria,2681
5/10/2020,6,Cantabria,2684
5/11/2020,6,Cantabria,2685
5/12/2020,6,Cantabria,2691
5/13/2020,6,Cantabria,2733
5/14/2020,6,Cantabria,2739
5/15/2020,6,Cantabria,2761
5/16/2020,6,Cantabria,2770
5/17/2020,6,Cantabria,2773
2/21/2020,8,Castilla La Mancha,0
2/22/2020,8,Castilla La Mancha,0
2/23/2020,8,Castilla La Mancha,0
2/24/2020,8,Castilla La Mancha,0
2/25/2020,8,Castilla La Mancha,0
2/26/2020,8,Castilla La Mancha,0
2/27/2020,8,Castilla La Mancha,0
2/28/2020,8,Castilla La Mancha,0
2/29/2020,8,Castilla La Mancha,0
3/1/2020,8,Castilla La Mancha,1
3/2/2020,8,Castilla La Mancha,3
3/3/2020,8,Castilla La Mancha,7
3/4/2020,8,Castilla La Mancha,12
3/5/2020,8,Castilla La Mancha,13
3/6/2020,8,Castilla La Mancha,15
3/7/2020,8,Castilla La Mancha,15
3/8/2020,8,Castilla La Mancha,15
3/9/2020,8,Castilla La Mancha,26
3/10/2020,8,Castilla La Mancha,39
3/11/2020,8,Castilla La Mancha,71
3/12/2020,8,Castilla La Mancha,115
3/13/2020,8,Castilla La Mancha,194
3/14/2020,8,Castilla La Mancha,289
3/15/2020,8,Castilla La Mancha,401
3/16/2020,8,Castilla La Mancha,567
3/17/2020,8,Castilla La Mancha,567
3/18/2020,8,Castilla La Mancha,675
3/19/2020,8,Castilla La Mancha,801
3/20/2020,8,Castilla La Mancha,1044
3/21/2020,8,Castilla La Mancha,1423
3/22/2020,8,Castilla La Mancha,1819
3/23/2020,8,Castilla La Mancha,2078
3/24/2020,8,Castilla La Mancha,2465
3/25/2020,8,Castilla La Mancha,2780
3/26/2020,8,Castilla La Mancha,3383
3/27/2020,8,Castilla La Mancha,3934
3/28/2020,8,Castilla La Mancha,4512
3/29/2020,8,Castilla La Mancha,5246
3/30/2020,8,Castilla La Mancha,5858
3/31/2020,8,Castilla La Mancha,6424
4/1/2020,8,Castilla La Mancha,7047
4/2/2020,8,Castilla La Mancha,7682
4/3/2020,8,Castilla La Mancha,8523
4/4/2020,8,Castilla La Mancha,9324
4/5/2020,8,Castilla La Mancha,10031
4/6/2020,8,Castilla La Mancha,10602
4/7/2020,8,Castilla La Mancha,11077
4/8/2020,8,Castilla La Mancha,11788
4/9/2020,8,Castilla La Mancha,12489
4/10/2020,8,Castilla La Mancha,13063
4/11/2020,8,Castilla La Mancha,13456
4/12/2020,8,Castilla La Mancha,13698
4/13/2020,8,Castilla La Mancha,14054
4/14/2020,8,Castilla La Mancha,14329
4/15/2020,8,Castilla La Mancha,14680
4/16/2020,8,Castilla La Mancha,15151
4/17/2020,8,Castilla La Mancha,15997
4/18/2020,8,Castilla La Mancha,16349
4/19/2020,8,Castilla La Mancha,16625
4/20/2020,8,Castilla La Mancha,16796
4/21/2020,8,Castilla La Mancha,17045
4/22/2020,8,Castilla La Mancha,17321
4/23/2020,8,Castilla La Mancha,17557
4/24/2020,8,Castilla La Mancha,18053
4/25/2020,8,Castilla La Mancha,18525
4/26/2020,8,Castilla La Mancha,18995
4/27/2020,8,Castilla La Mancha,19286
4/28/2020,8,Castilla La Mancha,19518
4/29/2020,8,Castilla La Mancha,19795
4/30/2020,8,Castilla La Mancha,20071
5/1/2020,8,Castilla La Mancha,20516
5/2/2020,8,Castilla La Mancha,21023
5/3/2020,8,Castilla La Mancha,21290
5/4/2020,8,Castilla La Mancha,21511
5/5/2020,8,Castilla La Mancha,21656
5/6/2020,8,Castilla La Mancha,22166
5/7/2020,8,Castilla La Mancha,22567
5/8/2020,8,Castilla La Mancha,22908
5/9/2020,8,Castilla La Mancha,23293
5/10/2020,8,Castilla La Mancha,23662
5/11/2020,8,Castilla La Mancha,23869
5/12/2020,8,Castilla La Mancha,24051
5/13/2020,8,Castilla La Mancha,24185
5/14/2020,8,Castilla La Mancha,24331
5/15/2020,8,Castilla La Mancha,24527
5/16/2020,8,Castilla La Mancha,24776
5/17/2020,8,Castilla La Mancha,24908
2/21/2020,7,Castilla y León,0
2/22/2020,7,Castilla y León,0
2/23/2020,7,Castilla y León,0
2/24/2020,7,Castilla y León,0
2/25/2020,7,Castilla y León,0
2/26/2020,7,Castilla y León,0
2/27/2020,7,Castilla y León,0
2/28/2020,7,Castilla y León,2
2/29/2020,7,Castilla y León,2
3/1/2020,7,Castilla y León,3
3/2/2020,7,Castilla y León,3
3/3/2020,7,Castilla y León,8
3/4/2020,7,Castilla y León,11
3/5/2020,7,Castilla y León,11
3/6/2020,7,Castilla y León,14
3/7/2020,7,Castilla y León,14
3/8/2020,7,Castilla y León,22
3/9/2020,7,Castilla y León,23
3/10/2020,7,Castilla y León,56
3/11/2020,7,Castilla y León,71
3/12/2020,7,Castilla y León,92
3/13/2020,7,Castilla y León,169
3/14/2020,7,Castilla y León,223
3/15/2020,7,Castilla y León,292
3/16/2020,7,Castilla y León,334
3/17/2020,7,Castilla y León,431
3/18/2020,7,Castilla y León,668
3/19/2020,7,Castilla y León,868
3/20/2020,7,Castilla y León,1147
3/21/2020,7,Castilla y León,1466
3/22/2020,7,Castilla y León,1744
3/23/2020,7,Castilla y León,2055
3/24/2020,7,Castilla y León,2460
3/25/2020,7,Castilla y León,2940
3/26/2020,7,Castilla y León,3488
3/27/2020,7,Castilla y León,4132
3/28/2020,7,Castilla y León,4791
3/29/2020,7,Castilla y León,5414
3/30/2020,7,Castilla y León,5801
3/31/2020,7,Castilla y León,6211
4/1/2020,7,Castilla y León,6847
4/2/2020,7,Castilla y León,7355
4/3/2020,7,Castilla y León,7875
4/4/2020,7,Castilla y León,8332
4/5/2020,7,Castilla y León,8749
4/6/2020,7,Castilla y León,9116
4/7/2020,7,Castilla y León,9581
4/8/2020,7,Castilla y León,10058
4/9/2020,7,Castilla y León,10518
4/10/2020,7,Castilla y León,11102
4/11/2020,7,Castilla y León,11543
4/12/2020,7,Castilla y León,12118
4/13/2020,7,Castilla y León,12628
4/14/2020,7,Castilla y León,13180
4/15/2020,7,Castilla y León,13697
4/16/2020,7,Castilla y León,14380
4/17/2020,7,Castilla y León,14903
4/18/2020,7,Castilla y León,15293
4/19/2020,7,Castilla y León,15621
4/20/2020,7,Castilla y León,15857
4/21/2020,7,Castilla y León,16259
4/22/2020,7,Castilla y León,16839
4/23/2020,7,Castilla y León,17402
4/24/2020,7,Castilla y León,17776
4/25/2020,7,Castilla y León,18259
4/26/2020,7,Castilla y León,18684
4/27/2020,7,Castilla y León,19028
4/28/2020,7,Castilla y León,19372
4/29/2020,7,Castilla y León,19851
4/30/2020,7,Castilla y León,20312
5/1/2020,7,Castilla y León,20739
5/2/2020,7,Castilla y León,20999
5/3/2020,7,Castilla y León,21229
5/4/2020,7,Castilla y León,21379
5/5/2020,7,Castilla y León,21719
5/6/2020,7,Castilla y León,22156
5/7/2020,7,Castilla y León,22537
5/8/2020,7,Castilla y León,22926
5/9/2020,7,Castilla y León,23452
5/10/2020,7,Castilla y León,23821
5/11/2020,7,Castilla y León,23991
5/12/2020,7,Castilla y León,24170
5/13/2020,7,Castilla y León,24262
5/14/2020,7,Castilla y León,24379
5/15/2020,7,Castilla y León,24498
5/16/2020,7,Castilla y León,24595
5/17/2020,7,Castilla y León,24696
2/21/2020,9,Cataluña,0
2/22/2020,9,Cataluña,0
2/23/2020,9,Cataluña,0
2/24/2020,9,Cataluña,0
2/25/2020,9,Cataluña,0
2/26/2020,9,Cataluña,1
2/27/2020,9,Cataluña,2
2/28/2020,9,Cataluña,3
2/29/2020,9,Cataluña,5
3/1/2020,9,Cataluña,6
3/2/2020,9,Cataluña,15
3/3/2020,9,Cataluña,15
3/4/2020,9,Cataluña,15
3/5/2020,9,Cataluña,24
3/6/2020,9,Cataluña,24
3/7/2020,9,Cataluña,24
3/8/2020,9,Cataluña,49
3/9/2020,9,Cataluña,59
3/10/2020,9,Cataluña,82
3/11/2020,9,Cataluña,123
3/12/2020,9,Cataluña,202
3/13/2020,9,Cataluña,349
3/14/2020,9,Cataluña,558
3/15/2020,9,Cataluña,742
3/16/2020,9,Cataluña,1017
3/17/2020,9,Cataluña,1414
3/18/2020,9,Cataluña,1866
3/19/2020,9,Cataluña,2702
3/20/2020,9,Cataluña,3270
3/21/2020,9,Cataluña,4203
3/22/2020,9,Cataluña,5046
3/23/2020,9,Cataluña,5747
3/24/2020,9,Cataluña,7864
3/25/2020,9,Cataluña,9937
3/26/2020,9,Cataluña,11592
3/27/2020,9,Cataluña,12940
3/28/2020,9,Cataluña,14263
3/29/2020,9,Cataluña,15025
3/30/2020,9,Cataluña,16104
3/31/2020,9,Cataluña,18520
4/1/2020,9,Cataluña,19991
4/2/2020,9,Cataluña,21804
4/3/2020,9,Cataluña,23460
4/4/2020,9,Cataluña,24734
4/5/2020,9,Cataluña,26032
4/6/2020,9,Cataluña,26824
4/7/2020,9,Cataluña,28323
4/8/2020,9,Cataluña,29647
4/9/2020,9,Cataluña,31043
4/10/2020,9,Cataluña,31824
4/11/2020,9,Cataluña,32984
4/12/2020,9,Cataluña,34027
4/13/2020,9,Cataluña,34726
4/14/2020,9,Cataluña,35197
4/15/2020,9,Cataluña,36505
4/16/2020,9,Cataluña,37354
4/17/2020,9,Cataluña,38316
4/18/2020,9,Cataluña,40095
4/19/2020,9,Cataluña,40600
4/20/2020,9,Cataluña,42703
4/21/2020,9,Cataluña,44139
4/22/2020,9,Cataluña,44829
4/23/2020,9,Cataluña,45919
4/24/2020,9,Cataluña,46571
4/25/2020,9,Cataluña,47288
4/26/2020,9,Cataluña,47838
4/27/2020,9,Cataluña,48782
4/28/2020,9,Cataluña,49185
4/29/2020,9,Cataluña,49681
4/30/2020,9,Cataluña,49943
5/1/2020,9,Cataluña,50334
5/2/2020,9,Cataluña,50877
5/3/2020,9,Cataluña,51261
5/4/2020,9,Cataluña,51393
5/5/2020,9,Cataluña,51798
5/6/2020,9,Cataluña,52090
5/7/2020,9,Cataluña,52505
5/8/2020,9,Cataluña,53209
5/9/2020,9,Cataluña,53578
5/10/2020,9,Cataluña,53805
5/11/2020,9,Cataluña,56450
5/12/2020,9,Cataluña,56787
5/13/2020,9,Cataluña,56930
5/14/2020,9,Cataluña,56956
5/15/2020,9,Cataluña,57205
5/16/2020,9,Cataluña,57351
5/17/2020,9,Cataluña,57467
2/21/2020,18,Ceuta,0
2/22/2020,18,Ceuta,0
2/23/2020,18,Ceuta,0
2/24/2020,18,Ceuta,0
2/25/2020,18,Ceuta,0
2/26/2020,18,Ceuta,0
2/27/2020,18,Ceuta,0
2/28/2020,18,Ceuta,0
2/29/2020,18,Ceuta,0
3/1/2020,18,Ceuta,0
3/2/2020,18,Ceuta,0
3/3/2020,18,Ceuta,0
3/4/2020,18,Ceuta,0
3/5/2020,18,Ceuta,0
3/6/2020,18,Ceuta,0
3/7/2020,18,Ceuta,0
3/8/2020,18,Ceuta,0
3/9/2020,18,Ceuta,0
3/10/2020,18,Ceuta,0
3/11/2020,18,Ceuta,0
3/12/2020,18,Ceuta,0
3/13/2020,18,Ceuta,0
3/14/2020,18,Ceuta,0
3/15/2020,18,Ceuta,1
3/16/2020,18,Ceuta,1
3/17/2020,18,Ceuta,1
3/18/2020,18,Ceuta,1
3/19/2020,18,Ceuta,1
3/20/2020,18,Ceuta,5
3/21/2020,18,Ceuta,5
3/22/2020,18,Ceuta,5
3/23/2020,18,Ceuta,6
3/24/2020,18,Ceuta,6
3/25/2020,18,Ceuta,9
3/26/2020,18,Ceuta,10
3/27/2020,18,Ceuta,17
3/28/2020,18,Ceuta,17
3/29/2020,18,Ceuta,21
3/30/2020,18,Ceuta,25
3/31/2020,18,Ceuta,34
4/1/2020,18,Ceuta,51
4/2/2020,18,Ceuta,55
4/3/2020,18,Ceuta,62
4/4/2020,18,Ceuta,73
4/5/2020,18,Ceuta,83
4/6/2020,18,Ceuta,83
4/7/2020,18,Ceuta,83
4/8/2020,18,Ceuta,84
4/9/2020,18,Ceuta,84
4/10/2020,18,Ceuta,91
4/11/2020,18,Ceuta,93
4/12/2020,18,Ceuta,93
4/13/2020,18,Ceuta,95
4/14/2020,18,Ceuta,96
4/15/2020,18,Ceuta,98
4/16/2020,18,Ceuta,100
4/17/2020,18,Ceuta,101
4/18/2020,18,Ceuta,111
4/19/2020,18,Ceuta,112
4/20/2020,18,Ceuta,114
4/21/2020,18,Ceuta,114
4/22/2020,18,Ceuta,124
4/23/2020,18,Ceuta,124
4/24/2020,18,Ceuta,125
4/25/2020,18,Ceuta,125
4/26/2020,18,Ceuta,131
4/27/2020,18,Ceuta,131
4/28/2020,18,Ceuta,134
4/29/2020,18,Ceuta,139
4/30/2020,18,Ceuta,146
5/1/2020,18,Ceuta,151
5/2/2020,18,Ceuta,152
5/3/2020,18,Ceuta,152
5/4/2020,18,Ceuta,152
5/5/2020,18,Ceuta,155
5/6/2020,18,Ceuta,164
5/7/2020,18,Ceuta,165
5/8/2020,18,Ceuta,168
5/9/2020,18,Ceuta,169
5/10/2020,18,Ceuta,169
5/11/2020,18,Ceuta,169
5/12/2020,18,Ceuta,173
5/13/2020,18,Ceuta,173
5/14/2020,18,Ceuta,175
5/15/2020,18,Ceuta,175
5/16/2020,18,Ceuta,175
5/17/2020,18,Ceuta,175
2/21/2020,10,C. Valenciana,0
2/22/2020,10,C. Valenciana,0
2/23/2020,10,C. Valenciana,0
2/24/2020,10,C. Valenciana,0
2/25/2020,10,C. Valenciana,0
2/26/2020,10,C. Valenciana,1
2/27/2020,10,C. Valenciana,2
2/28/2020,10,C. Valenciana,8
2/29/2020,10,C. Valenciana,10
3/1/2020,10,C. Valenciana,15
3/2/2020,10,C. Valenciana,15
3/3/2020,10,C. Valenciana,15
3/4/2020,10,C. Valenciana,19
3/5/2020,10,C. Valenciana,19
3/6/2020,10,C. Valenciana,30
3/7/2020,10,C. Valenciana,30
3/8/2020,10,C. Valenciana,37
3/9/2020,10,C. Valenciana,37
3/10/2020,10,C. Valenciana,50
3/11/2020,10,C. Valenciana,65
3/12/2020,10,C. Valenciana,76
3/13/2020,10,C. Valenciana,94
3/14/2020,10,C. Valenciana,130
3/15/2020,10,C. Valenciana,409
3/16/2020,10,C. Valenciana,409
3/17/2020,10,C. Valenciana,541
3/18/2020,10,C. Valenciana,726
3/19/2020,10,C. Valenciana,921
3/20/2020,10,C. Valenciana,1105
3/21/2020,10,C. Valenciana,1363
3/22/2020,10,C. Valenciana,1604
3/23/2020,10,C. Valenciana,1901
3/24/2020,10,C. Valenciana,2167
3/25/2020,10,C. Valenciana,2616
3/26/2020,10,C. Valenciana,3200
3/27/2020,10,C. Valenciana,3532
3/28/2020,10,C. Valenciana,4034
3/29/2020,10,C. Valenciana,4784
3/30/2020,10,C. Valenciana,5110
3/31/2020,10,C. Valenciana,5508
4/1/2020,10,C. Valenciana,5922
4/2/2020,10,C. Valenciana,6308
4/3/2020,10,C. Valenciana,6624
4/4/2020,10,C. Valenciana,6901
4/5/2020,10,C. Valenciana,7184
4/6/2020,10,C. Valenciana,7334
4/7/2020,10,C. Valenciana,7443
4/8/2020,10,C. Valenciana,7655
4/9/2020,10,C. Valenciana,7964
4/10/2020,10,C. Valenciana,8331
4/11/2020,10,C. Valenciana,8578
4/12/2020,10,C. Valenciana,8841
4/13/2020,10,C. Valenciana,9060
4/14/2020,10,C. Valenciana,9213
4/15/2020,10,C. Valenciana,9424
4/16/2020,10,C. Valenciana,9615
4/17/2020,10,C. Valenciana,9783
4/18/2020,10,C. Valenciana,10117
4/19/2020,10,C. Valenciana,10250
4/20/2020,10,C. Valenciana,10339
4/21/2020,10,C. Valenciana,10399
4/22/2020,10,C. Valenciana,10571
4/23/2020,10,C. Valenciana,10735
4/24/2020,10,C. Valenciana,10906
4/25/2020,10,C. Valenciana,11123
4/26/2020,10,C. Valenciana,11372
4/27/2020,10,C. Valenciana,11412
4/28/2020,10,C. Valenciana,11658
4/29/2020,10,C. Valenciana,11816
4/30/2020,10,C. Valenciana,12058
5/1/2020,10,C. Valenciana,12209
5/2/2020,10,C. Valenciana,12514
5/3/2020,10,C. Valenciana,12686
5/4/2020,10,C. Valenciana,12819
5/5/2020,10,C. Valenciana,12883
5/6/2020,10,C. Valenciana,13064
5/7/2020,10,C. Valenciana,13311
5/8/2020,10,C. Valenciana,13507
5/9/2020,10,C. Valenciana,13676
5/10/2020,10,C. Valenciana,13840
5/11/2020,10,C. Valenciana,13881
5/12/2020,10,C. Valenciana,13937
5/13/2020,10,C. Valenciana,14045
5/14/2020,10,C. Valenciana,14154
5/15/2020,10,C. Valenciana,14392
5/16/2020,10,C. Valenciana,14536
5/17/2020,10,C. Valenciana,14680
2/21/2020,11,Extremadura,0
2/22/2020,11,Extremadura,0
2/23/2020,11,Extremadura,0
2/24/2020,11,Extremadura,0
2/25/2020,11,Extremadura,0
2/26/2020,11,Extremadura,0
2/27/2020,11,Extremadura,0
2/28/2020,11,Extremadura,0
2/29/2020,11,Extremadura,0
3/1/2020,11,Extremadura,4
3/2/2020,11,Extremadura,6
3/3/2020,11,Extremadura,6
3/4/2020,11,Extremadura,6
3/5/2020,11,Extremadura,6
3/6/2020,11,Extremadura,6
3/7/2020,11,Extremadura,6
3/8/2020,11,Extremadura,6
3/9/2020,11,Extremadura,7
3/10/2020,11,Extremadura,8
3/11/2020,11,Extremadura,9
3/12/2020,11,Extremadura,19
3/13/2020,11,Extremadura,39
3/14/2020,11,Extremadura,66
3/15/2020,11,Extremadura,95
3/16/2020,11,Extremadura,111
3/17/2020,11,Extremadura,153
3/18/2020,11,Extremadura,194
3/19/2020,11,Extremadura,241
3/20/2020,11,Extremadura,297
3/21/2020,11,Extremadura,354
3/22/2020,11,Extremadura,384
3/23/2020,11,Extremadura,493
3/24/2020,11,Extremadura,636
3/25/2020,11,Extremadura,742
3/26/2020,11,Extremadura,969
3/27/2020,11,Extremadura,1231
3/28/2020,11,Extremadura,1394
3/29/2020,11,Extremadura,1456
3/30/2020,11,Extremadura,1560
3/31/2020,11,Extremadura,1628
4/1/2020,11,Extremadura,1679
4/2/2020,11,Extremadura,1837
4/3/2020,11,Extremadura,1893
4/4/2020,11,Extremadura,1979
4/5/2020,11,Extremadura,2047
4/6/2020,11,Extremadura,2068
4/7/2020,11,Extremadura,2116
4/8/2020,11,Extremadura,2184
4/9/2020,11,Extremadura,2273
4/10/2020,11,Extremadura,2332
4/11/2020,11,Extremadura,2486
4/12/2020,11,Extremadura,2580
4/13/2020,11,Extremadura,2658
4/14/2020,11,Extremadura,2684
4/15/2020,11,Extremadura,2762
4/16/2020,11,Extremadura,2881
4/17/2020,11,Extremadura,3019
4/18/2020,11,Extremadura,3131
4/19/2020,11,Extremadura,3192
4/20/2020,11,Extremadura,3243
4/21/2020,11,Extremadura,3243
4/22/2020,11,Extremadura,3243
4/23/2020,11,Extremadura,3366
4/24/2020,11,Extremadura,3403
4/25/2020,11,Extremadura,3458
4/26/2020,11,Extremadura,3465
4/27/2020,11,Extremadura,3480
4/28/2020,11,Extremadura,3487
4/29/2020,11,Extremadura,3513
4/30/2020,11,Extremadura,3538
5/1/2020,11,Extremadura,3630
5/2/2020,11,Extremadura,3690
5/3/2020,11,Extremadura,3712
5/4/2020,11,Extremadura,3722
5/5/2020,11,Extremadura,3728
5/6/2020,11,Extremadura,3746
5/7/2020,11,Extremadura,3808
5/8/2020,11,Extremadura,3853
5/9/2020,11,Extremadura,3886
5/10/2020,11,Extremadura,3903
5/11/2020,11,Extremadura,3919
5/12/2020,11,Extremadura,3920
5/13/2020,11,Extremadura,3920
5/14/2020,11,Extremadura,3924
5/15/2020,11,Extremadura,3934
5/16/2020,11,Extremadura,3945
5/17/2020,11,Extremadura,3948
2/21/2020,12,Galicia,0
2/22/2020,12,Galicia,0
2/23/2020,12,Galicia,0
2/24/2020,12,Galicia,0
2/25/2020,12,Galicia,0
2/26/2020,12,Galicia,0
2/27/2020,12,Galicia,0
2/28/2020,12,Galicia,0
2/29/2020,12,Galicia,0
3/1/2020,12,Galicia,0
3/2/2020,12,Galicia,0
3/3/2020,12,Galicia,0
3/4/2020,12,Galicia,1
3/5/2020,12,Galicia,1
3/6/2020,12,Galicia,3
3/7/2020,12,Galicia,3
3/8/2020,12,Galicia,5
3/9/2020,12,Galicia,6
3/10/2020,12,Galicia,22
3/11/2020,12,Galicia,35
3/12/2020,12,Galicia,35
3/13/2020,12,Galicia,85
3/14/2020,12,Galicia,115
3/15/2020,12,Galicia,195
3/16/2020,12,Galicia,245
3/17/2020,12,Galicia,292
3/18/2020,12,Galicia,341
3/19/2020,12,Galicia,453
3/20/2020,12,Galicia,578
3/21/2020,12,Galicia,739
3/22/2020,12,Galicia,915
3/23/2020,12,Galicia,1208
3/24/2020,12,Galicia,1415
3/25/2020,12,Galicia,1653
3/26/2020,12,Galicia,1915
3/27/2020,12,Galicia,2322
3/28/2020,12,Galicia,2772
3/29/2020,12,Galicia,3139
3/30/2020,12,Galicia,3723
3/31/2020,12,Galicia,4039
4/1/2020,12,Galicia,4432
4/2/2020,12,Galicia,4842
4/3/2020,12,Galicia,5219
4/4/2020,12,Galicia,5625
4/5/2020,12,Galicia,5944
4/6/2020,12,Galicia,6151
4/7/2020,12,Galicia,6331
4/8/2020,12,Galicia,6538
4/9/2020,12,Galicia,6758
4/10/2020,12,Galicia,6946
4/11/2020,12,Galicia,7176
4/12/2020,12,Galicia,7336
4/13/2020,12,Galicia,7494
4/14/2020,12,Galicia,7597
4/15/2020,12,Galicia,7708
4/16/2020,12,Galicia,7873
4/17/2020,12,Galicia,8013
4/18/2020,12,Galicia,8084
4/19/2020,12,Galicia,8185
4/20/2020,12,Galicia,8299
4/21/2020,12,Galicia,8468
4/22/2020,12,Galicia,8634
4/23/2020,12,Galicia,8805
4/24/2020,12,Galicia,8932
4/25/2020,12,Galicia,9116
4/26/2020,12,Galicia,9176
4/27/2020,12,Galicia,9238
4/28/2020,12,Galicia,9328
4/29/2020,12,Galicia,9484
4/30/2020,12,Galicia,9579
5/1/2020,12,Galicia,9617
5/2/2020,12,Galicia,9652
5/3/2020,12,Galicia,9685
5/4/2020,12,Galicia,9707
5/5/2020,12,Galicia,9783
5/6/2020,12,Galicia,9996
5/7/2020,12,Galicia,10077
5/8/2020,12,Galicia,10221
5/9/2020,12,Galicia,10322
5/10/2020,12,Galicia,10370
5/11/2020,12,Galicia,10388
5/12/2020,12,Galicia,10449
5/13/2020,12,Galicia,10495
5/14/2020,12,Galicia,10545
5/15/2020,12,Galicia,10605
5/16/2020,12,Galicia,10934
5/17/2020,12,Galicia,10960
2/21/2020,13,Madrid,1
2/22/2020,13,Madrid,1
2/23/2020,13,Madrid,1
2/24/2020,13,Madrid,1
2/25/2020,13,Madrid,1
2/26/2020,13,Madrid,2
2/27/2020,13,Madrid,6
2/28/2020,13,Madrid,10
2/29/2020,13,Madrid,20
3/1/2020,13,Madrid,27
3/2/2020,13,Madrid,53
3/3/2020,13,Madrid,96
3/4/2020,13,Madrid,142
3/5/2020,13,Madrid,200
3/6/2020,13,Madrid,312
3/7/2020,13,Madrid,516
3/8/2020,13,Madrid,739
3/9/2020,13,Madrid,1004
3/10/2020,13,Madrid,1509
3/11/2020,13,Madrid,2214
3/12/2020,13,Madrid,2944
3/13/2020,13,Madrid,3731
3/14/2020,13,Madrid,4671
3/15/2020,13,Madrid,5574
3/16/2020,13,Madrid,6389
3/17/2020,13,Madrid,7648
3/18/2020,13,Madrid,9596
3/19/2020,13,Madrid,11350
3/20/2020,13,Madrid,13393
3/21/2020,13,Madrid,15715
3/22/2020,13,Madrid,17389
3/23/2020,13,Madrid,18892
3/24/2020,13,Madrid,21562
3/25/2020,13,Madrid,24465
3/26/2020,13,Madrid,27410
3/27/2020,13,Madrid,30783
3/28/2020,13,Madrid,33149
3/29/2020,13,Madrid,34174
3/30/2020,13,Madrid,35046
3/31/2020,13,Madrid,37592
4/1/2020,13,Madrid,39392
4/2/2020,13,Madrid,41179
4/3/2020,13,Madrid,43015
4/4/2020,13,Madrid,44756
4/5/2020,13,Madrid,45647
4/6/2020,13,Madrid,46173
4/7/2020,13,Madrid,47736
4/8/2020,13,Madrid,49126
4/9/2020,13,Madrid,50542
4/10/2020,13,Madrid,51491
4/11/2020,13,Madrid,52353
4/12/2020,13,Madrid,52894
4/13/2020,13,Madrid,53235
4/14/2020,13,Madrid,54230
4/15/2020,13,Madrid,55333
4/16/2020,13,Madrid,56235
4/17/2020,13,Madrid,57073
4/18/2020,13,Madrid,57889
4/19/2020,13,Madrid,60849
4/20/2020,13,Madrid,61244
4/21/2020,13,Madrid,61873
4/22/2020,13,Madrid,62790
4/23/2020,13,Madrid,63909
4/24/2020,13,Madrid,64483
4/25/2020,13,Madrid,65150
4/26/2020,13,Madrid,65382
4/27/2020,13,Madrid,65842
4/28/2020,13,Madrid,66616
4/29/2020,13,Madrid,67283
4/30/2020,13,Madrid,67738
5/1/2020,13,Madrid,68147
5/2/2020,13,Madrid,68286
5/3/2020,13,Madrid,68403
5/4/2020,13,Madrid,68515
5/5/2020,13,Madrid,68919
5/6/2020,13,Madrid,69244
5/7/2020,13,Madrid,69623
5/8/2020,13,Madrid,69855
5/9/2020,13,Madrid,70132
5/10/2020,13,Madrid,70238
5/11/2020,13,Madrid,70292
5/12/2020,13,Madrid,70482
5/13/2020,13,Madrid,70796
5/14/2020,13,Madrid,71040
5/15/2020,13,Madrid,71334
5/16/2020,13,Madrid,71625
5/17/2020,13,Madrid,71631
2/21/2020,19,Melilla,0
2/22/2020,19,Melilla,0
2/23/2020,19,Melilla,0
2/24/2020,19,Melilla,0
2/25/2020,19,Melilla,0
2/26/2020,19,Melilla,0
2/27/2020,19,Melilla,0
2/28/2020,19,Melilla,0
2/29/2020,19,Melilla,0
3/1/2020,19,Melilla,0
3/2/2020,19,Melilla,0
3/3/2020,19,Melilla,0
3/4/2020,19,Melilla,0
3/5/2020,19,Melilla,0
3/6/2020,19,Melilla,0
3/7/2020,19,Melilla,0
3/8/2020,19,Melilla,0
3/9/2020,19,Melilla,0
3/10/2020,19,Melilla,0
3/11/2020,19,Melilla,0
3/12/2020,19,Melilla,0
3/13/2020,19,Melilla,2
3/14/2020,19,Melilla,3
3/15/2020,19,Melilla,8
3/16/2020,19,Melilla,8
3/17/2020,19,Melilla,17
3/18/2020,19,Melilla,20
3/19/2020,19,Melilla,23
3/20/2020,19,Melilla,24
3/21/2020,19,Melilla,25
3/22/2020,19,Melilla,25
3/23/2020,19,Melilla,28
3/24/2020,19,Melilla,28
3/25/2020,19,Melilla,38
3/26/2020,19,Melilla,39
3/27/2020,19,Melilla,42
3/28/2020,19,Melilla,45
3/29/2020,19,Melilla,48
3/30/2020,19,Melilla,51
3/31/2020,19,Melilla,54
4/1/2020,19,Melilla,62
4/2/2020,19,Melilla,62
4/3/2020,19,Melilla,70
4/4/2020,19,Melilla,79
4/5/2020,19,Melilla,83
4/6/2020,19,Melilla,86
4/7/2020,19,Melilla,92
4/8/2020,19,Melilla,93
4/9/2020,19,Melilla,93
4/10/2020,19,Melilla,95
4/11/2020,19,Melilla,98
4/12/2020,19,Melilla,98
4/13/2020,19,Melilla,101
4/14/2020,19,Melilla,101
4/15/2020,19,Melilla,102
4/16/2020,19,Melilla,103
4/17/2020,19,Melilla,104
4/18/2020,19,Melilla,104
4/19/2020,19,Melilla,107
4/20/2020,19,Melilla,109
4/21/2020,19,Melilla,110
4/22/2020,19,Melilla,111
4/23/2020,19,Melilla,113
4/24/2020,19,Melilla,116
4/25/2020,19,Melilla,118
4/26/2020,19,Melilla,121
4/27/2020,19,Melilla,121
4/28/2020,19,Melilla,125
4/29/2020,19,Melilla,125
4/30/2020,19,Melilla,125
5/1/2020,19,Melilla,126
5/2/2020,19,Melilla,126
5/3/2020,19,Melilla,129
5/4/2020,19,Melilla,131
5/5/2020,19,Melilla,131
5/6/2020,19,Melilla,131
5/7/2020,19,Melilla,132
5/8/2020,19,Melilla,132
5/9/2020,19,Melilla,132
5/10/2020,19,Melilla,132
5/11/2020,19,Melilla,132
5/12/2020,19,Melilla,132
5/13/2020,19,Melilla,132
5/14/2020,19,Melilla,132
5/15/2020,19,Melilla,132
5/16/2020,19,Melilla,132
5/17/2020,19,Melilla,134
2/21/2020,14,Murcia,0
2/22/2020,14,Murcia,0
2/23/2020,14,Murcia,0
2/24/2020,14,Murcia,0
2/25/2020,14,Murcia,0
2/26/2020,14,Murcia,0
2/27/2020,14,Murcia,0
2/28/2020,14,Murcia,0
2/29/2020,14,Murcia,0
3/1/2020,14,Murcia,0
3/2/2020,14,Murcia,0
3/3/2020,14,Murcia,0
3/4/2020,14,Murcia,0
3/5/2020,14,Murcia,0
3/6/2020,14,Murcia,0
3/7/2020,14,Murcia,0
3/8/2020,14,Murcia,1
3/9/2020,14,Murcia,4
3/10/2020,14,Murcia,9
3/11/2020,14,Murcia,11
3/12/2020,14,Murcia,26
3/13/2020,14,Murcia,35
3/14/2020,14,Murcia,47
3/15/2020,14,Murcia,71
3/16/2020,14,Murcia,77
3/17/2020,14,Murcia,97
3/18/2020,14,Murcia,122
3/19/2020,14,Murcia,167
3/20/2020,14,Murcia,204
3/21/2020,14,Murcia,240
3/22/2020,14,Murcia,296
3/23/2020,14,Murcia,345
3/24/2020,14,Murcia,385
3/25/2020,14,Murcia,477
3/26/2020,14,Murcia,596
3/27/2020,14,Murcia,714
3/28/2020,14,Murcia,802
3/29/2020,14,Murcia,872
3/30/2020,14,Murcia,939
3/31/2020,14,Murcia,974
4/1/2020,14,Murcia,1041
4/2/2020,14,Murcia,1084
4/3/2020,14,Murcia,1145
4/4/2020,14,Murcia,1188
4/5/2020,14,Murcia,1235
4/6/2020,14,Murcia,1259
4/7/2020,14,Murcia,1263
4/8/2020,14,Murcia,1305
4/9/2020,14,Murcia,1340
4/10/2020,14,Murcia,1367
4/11/2020,14,Murcia,1404
4/12/2020,14,Murcia,1436
4/13/2020,14,Murcia,1452
4/14/2020,14,Murcia,1479
4/15/2020,14,Murcia,1528
4/16/2020,14,Murcia,1590
4/17/2020,14,Murcia,1626
4/18/2020,14,Murcia,1647
4/19/2020,14,Murcia,1653
4/20/2020,14,Murcia,1659
4/21/2020,14,Murcia,1696
4/22/2020,14,Murcia,1717
4/23/2020,14,Murcia,1721
4/24/2020,14,Murcia,1741
4/25/2020,14,Murcia,1756
4/26/2020,14,Murcia,1771
4/27/2020,14,Murcia,1771
4/28/2020,14,Murcia,1793
4/29/2020,14,Murcia,1840
4/30/2020,14,Murcia,1894
5/1/2020,14,Murcia,1960
5/2/2020,14,Murcia,1966
5/3/2020,14,Murcia,1974
5/4/2020,14,Murcia,1974
5/5/2020,14,Murcia,2051
5/6/2020,14,Murcia,2133
5/7/2020,14,Murcia,2192
5/8/2020,14,Murcia,2252
5/9/2020,14,Murcia,2263
5/10/2020,14,Murcia,2329
5/11/2020,14,Murcia,2332
5/12/2020,14,Murcia,2333
5/13/2020,14,Murcia,2398
5/14/2020,14,Murcia,2437
5/15/2020,14,Murcia,2477
5/16/2020,14,Murcia,2546
5/17/2020,14,Murcia,2566
2/21/2020,15,Navarra,0
2/22/2020,15,Navarra,0
2/23/2020,15,Navarra,0
2/24/2020,15,Navarra,0
2/25/2020,15,Navarra,0
2/26/2020,15,Navarra,0
2/27/2020,15,Navarra,0
2/28/2020,15,Navarra,0
2/29/2020,15,Navarra,0
3/1/2020,15,Navarra,1
3/2/2020,15,Navarra,1
3/3/2020,15,Navarra,1
3/4/2020,15,Navarra,3
3/5/2020,15,Navarra,3
3/6/2020,15,Navarra,3
3/7/2020,15,Navarra,3
3/8/2020,15,Navarra,3
3/9/2020,15,Navarra,3
3/10/2020,15,Navarra,12
3/11/2020,15,Navarra,46
3/12/2020,15,Navarra,73
3/13/2020,15,Navarra,130
3/14/2020,15,Navarra,146
3/15/2020,15,Navarra,183
3/16/2020,15,Navarra,274
3/17/2020,15,Navarra,313
3/18/2020,15,Navarra,386
3/19/2020,15,Navarra,482
3/20/2020,15,Navarra,554
3/21/2020,15,Navarra,664
3/22/2020,15,Navarra,794
3/23/2020,15,Navarra,886
3/24/2020,15,Navarra,1014
3/25/2020,15,Navarra,1197
3/26/2020,15,Navarra,1411
3/27/2020,15,Navarra,1641
3/28/2020,15,Navarra,1829
3/29/2020,15,Navarra,2011
3/30/2020,15,Navarra,2146
3/31/2020,15,Navarra,2305
4/1/2020,15,Navarra,2497
4/2/2020,15,Navarra,2682
4/3/2020,15,Navarra,2836
4/4/2020,15,Navarra,2972
4/5/2020,15,Navarra,3073
4/6/2020,15,Navarra,3231
4/7/2020,15,Navarra,3355
4/8/2020,15,Navarra,3467
4/9/2020,15,Navarra,3575
4/10/2020,15,Navarra,3748
4/11/2020,15,Navarra,3817
4/12/2020,15,Navarra,3969
4/13/2020,15,Navarra,4092
4/14/2020,15,Navarra,4150
4/15/2020,15,Navarra,4246
4/16/2020,15,Navarra,4348
4/17/2020,15,Navarra,4433
4/18/2020,15,Navarra,4579
4/19/2020,15,Navarra,4656
4/20/2020,15,Navarra,4735
4/21/2020,15,Navarra,4831
4/22/2020,15,Navarra,4958
4/23/2020,15,Navarra,5063
4/24/2020,15,Navarra,5180
4/25/2020,15,Navarra,5274
4/26/2020,15,Navarra,5452
4/27/2020,15,Navarra,5486
4/28/2020,15,Navarra,5630
4/29/2020,15,Navarra,5884
4/30/2020,15,Navarra,6140
5/1/2020,15,Navarra,6337
5/2/2020,15,Navarra,6411
5/3/2020,15,Navarra,6427
5/4/2020,15,Navarra,6447
5/5/2020,15,Navarra,6561
5/6/2020,15,Navarra,6770
5/7/2020,15,Navarra,7010
5/8/2020,15,Navarra,7227
5/9/2020,15,Navarra,7442
5/10/2020,15,Navarra,7455
5/11/2020,15,Navarra,7486
5/12/2020,15,Navarra,7637
5/13/2020,15,Navarra,7752
5/14/2020,15,Navarra,7891
5/15/2020,15,Navarra,8082
5/16/2020,15,Navarra,8235
5/17/2020,15,Navarra,8293
2/21/2020,16,País Vasco,0
2/22/2020,16,País Vasco,0
2/23/2020,16,País Vasco,0
2/24/2020,16,País Vasco,0
2/25/2020,16,País Vasco,0
2/26/2020,16,País Vasco,0
2/27/2020,16,País Vasco,0
2/28/2020,16,País Vasco,0
2/29/2020,16,País Vasco,2
3/1/2020,16,País Vasco,3
3/2/2020,16,País Vasco,9
3/3/2020,16,País Vasco,13
3/4/2020,16,País Vasco,17
3/5/2020,16,País Vasco,17
3/6/2020,16,País Vasco,45
3/7/2020,16,País Vasco,45
3/8/2020,16,País Vasco,70
3/9/2020,16,País Vasco,149
3/10/2020,16,País Vasco,195
3/11/2020,16,País Vasco,225
3/12/2020,16,País Vasco,346
3/13/2020,16,País Vasco,417
3/14/2020,16,País Vasco,521
3/15/2020,16,País Vasco,630
3/16/2020,16,País Vasco,630
3/17/2020,16,País Vasco,765
3/18/2020,16,País Vasco,973
3/19/2020,16,País Vasco,1190
3/20/2020,16,País Vasco,1465
3/21/2020,16,País Vasco,1725
3/22/2020,16,País Vasco,2097
3/23/2020,16,País Vasco,2421
3/24/2020,16,País Vasco,2728
3/25/2020,16,País Vasco,3271
3/26/2020,16,País Vasco,3946
3/27/2020,16,País Vasco,4601
3/28/2020,16,País Vasco,5136
3/29/2020,16,País Vasco,5740
3/30/2020,16,País Vasco,6057
3/31/2020,16,País Vasco,6320
4/1/2020,16,País Vasco,6838
4/2/2020,16,País Vasco,7317
4/3/2020,16,País Vasco,7827
4/4/2020,16,País Vasco,8187
4/5/2020,16,País Vasco,8628
4/6/2020,16,País Vasco,8810
4/7/2020,16,País Vasco,9021
4/8/2020,16,País Vasco,9452
4/9/2020,16,País Vasco,9806
4/10/2020,16,País Vasco,10103
4/11/2020,16,País Vasco,10515
4/12/2020,16,País Vasco,10772
4/13/2020,16,País Vasco,11018
4/14/2020,16,País Vasco,11226
4/15/2020,16,País Vasco,11475
4/16/2020,16,País Vasco,11790
4/17/2020,16,País Vasco,12089
4/18/2020,16,País Vasco,12355
4/19/2020,16,País Vasco,12569
4/20/2020,16,País Vasco,12628
4/21/2020,16,País Vasco,12810
4/22/2020,16,País Vasco,13044
4/23/2020,16,País Vasco,13436
4/24/2020,16,País Vasco,13780
4/25/2020,16,País Vasco,14132
4/26/2020,16,País Vasco,14315
4/27/2020,16,País Vasco,14412
4/28/2020,16,País Vasco,14804
4/29/2020,16,País Vasco,15138
4/30/2020,16,País Vasco,15519
5/1/2020,16,País Vasco,15969
5/2/2020,16,País Vasco,16119
5/3/2020,16,País Vasco,16197
5/4/2020,16,País Vasco,16246
5/5/2020,16,País Vasco,16426
5/6/2020,16,País Vasco,16679
5/7/2020,16,País Vasco,16959
5/8/2020,16,País Vasco,17286
5/9/2020,16,País Vasco,17553
5/10/2020,16,País Vasco,17677
5/11/2020,16,País Vasco,17709
5/12/2020,16,País Vasco,17840
5/13/2020,16,País Vasco,18095
5/14/2020,16,País Vasco,18100
5/15/2020,16,País Vasco,18138
5/16/2020,16,País Vasco,18607
5/17/2020,16,País Vasco,18733
2/21/2020,17,La Rioja,0
2/22/2020,17,La Rioja,0
2/23/2020,17,La Rioja,0
2/24/2020,17,La Rioja,0
2/25/2020,17,La Rioja,0
2/26/2020,17,La Rioja,0
2/27/2020,17,La Rioja,0
2/28/2020,17,La Rioja,0
2/29/2020,17,La Rioja,0
3/1/2020,17,La Rioja,0
3/2/2020,17,La Rioja,1
3/3/2020,17,La Rioja,2
3/4/2020,17,La Rioja,7
3/5/2020,17,La Rioja,17
3/6/2020,17,La Rioja,29
3/7/2020,17,La Rioja,47
3/8/2020,17,La Rioja,70
3/9/2020,17,La Rioja,102
3/10/2020,17,La Rioja,155
3/11/2020,17,La Rioja,185
3/12/2020,17,La Rioja,220
3/13/2020,17,La Rioja,259
3/14/2020,17,La Rioja,292
3/15/2020,17,La Rioja,300
3/16/2020,17,La Rioja,312
3/17/2020,17,La Rioja,355
3/18/2020,17,La Rioja,419
3/19/2020,17,La Rioja,468
3/20/2020,17,La Rioja,497
3/21/2020,17,La Rioja,564
3/22/2020,17,La Rioja,654
3/23/2020,17,La Rioja,747
3/24/2020,17,La Rioja,802
3/25/2020,17,La Rioja,928
3/26/2020,17,La Rioja,995
3/27/2020,17,La Rioja,1236
3/28/2020,17,La Rioja,1436
3/29/2020,17,La Rioja,1629
3/30/2020,17,La Rioja,1733
3/31/2020,17,La Rioja,1810
4/1/2020,17,La Rioja,1960
4/2/2020,17,La Rioja,2083
4/3/2020,17,La Rioja,2224
4/4/2020,17,La Rioja,2405
4/5/2020,17,La Rioja,2592
4/6/2020,17,La Rioja,2719
4/7/2020,17,La Rioja,2846
4/8/2020,17,La Rioja,2951
4/9/2020,17,La Rioja,3026
4/10/2020,17,La Rioja,3076
4/11/2020,17,La Rioja,3496
4/12/2020,17,La Rioja,3596
4/13/2020,17,La Rioja,3675
4/14/2020,17,La Rioja,3749
4/15/2020,17,La Rioja,3831
4/16/2020,17,La Rioja,3916
4/17/2020,17,La Rioja,4098
4/18/2020,17,La Rioja,4250
4/19/2020,17,La Rioja,4330
4/20/2020,17,La Rioja,4371
4/21/2020,17,La Rioja,4483
4/22/2020,17,La Rioja,4586
4/23/2020,17,La Rioja,4727
4/24/2020,17,La Rioja,4865
4/25/2020,17,La Rioja,4946
4/26/2020,17,La Rioja,4998
4/27/2020,17,La Rioja,5041
4/28/2020,17,La Rioja,5097
4/29/2020,17,La Rioja,5173
4/30/2020,17,La Rioja,5206
5/1/2020,17,La Rioja,5226
5/2/2020,17,La Rioja,5239
5/3/2020,17,La Rioja,5247
5/4/2020,17,La Rioja,5258
5/5/2020,17,La Rioja,5270
5/6/2020,17,La Rioja,5322
5/7/2020,17,La Rioja,5330
5/8/2020,17,La Rioja,5355
5/9/2020,17,La Rioja,5365
5/10/2020,17,La Rioja,5378
5/11/2020,17,La Rioja,5382
5/12/2020,17,La Rioja,5392
5/13/2020,17,La Rioja,5397
5/14/2020,17,La Rioja,5405
5/15/2020,17,La Rioja,5409
5/16/2020,17,La Rioja,5413
5/17/2020,17,La Rioja,5417
