fecha,cod_ine,CCAA,ICU
2/21/2020,1,Andalucía,
2/22/2020,1,Andalucía,
2/23/2020,1,Andalucía,
2/24/2020,1,Andalucía,
2/25/2020,1,Andalucía,
2/26/2020,1,Andalucía,
2/27/2020,1,Andalucía,
2/28/2020,1,Andalucía,
2/29/2020,1,Andalucía,
3/1/2020,1,Andalucía,
3/2/2020,1,Andalucía,
3/3/2020,1,Andalucía,
3/4/2020,1,Andalucía,
3/5/2020,1,Andalucía,
3/6/2020,1,Andalucía,
3/7/2020,1,Andalucía,
3/8/2020,1,Andalucía,
3/9/2020,1,Andalucía,1
3/10/2020,1,Andalucía,1
3/11/2020,1,Andalucía,3
3/12/2020,1,Andalucía,4
3/13/2020,1,Andalucía,8
3/14/2020,1,Andalucía,8
3/15/2020,1,Andalucía,8
3/16/2020,1,Andalucía,11
3/17/2020,1,Andalucía,13
3/18/2020,1,Andalucía,21
3/19/2020,1,Andalucía,25
3/20/2020,1,Andalucía,38
3/21/2020,1,Andalucía,53
3/22/2020,1,Andalucía,55
3/23/2020,1,Andalucía,77
3/24/2020,1,Andalucía,102
3/25/2020,1,Andalucía,116
3/26/2020,1,Andalucía,134
3/27/2020,1,Andalucía,148
3/28/2020,1,Andalucía,172
3/29/2020,1,Andalucía,201
3/30/2020,1,Andalucía,216
3/31/2020,1,Andalucía,235
4/1/2020,1,Andalucía,260
4/2/2020,1,Andalucía,280
4/3/2020,1,Andalucía,338
4/4/2020,1,Andalucía,364
4/5/2020,1,Andalucía,474
4/6/2020,1,Andalucía,489
4/7/2020,1,Andalucía,499
4/8/2020,1,Andalucía,520
4/9/2020,1,Andalucía,538
4/10/2020,1,Andalucía,582
4/11/2020,1,Andalucía,602
4/12/2020,1,Andalucía,619
4/13/2020,1,Andalucía,621
4/14/2020,1,Andalucía,631
4/15/2020,1,Andalucía,665
4/16/2020,1,Andalucía,671
4/17/2020,1,Andalucía,675
4/18/2020,1,Andalucía,677
4/19/2020,1,Andalucía,687
4/20/2020,1,Andalucía,690
4/21/2020,1,Andalucía,692
4/22/2020,1,Andalucía,696
4/23/2020,1,Andalucía,702
4/24/2020,1,Andalucía,714
4/25/2020,1,Andalucía,717
4/26/2020,1,Andalucía,716
4/27/2020,1,Andalucía,720
4/28/2020,1,Andalucía,721
4/29/2020,1,Andalucía,722
4/30/2020,1,Andalucía,721
5/1/2020,1,Andalucía,729
5/2/2020,1,Andalucía,735
5/3/2020,1,Andalucía,736
5/4/2020,1,Andalucía,738
5/5/2020,1,Andalucía,738
5/6/2020,1,Andalucía,740
5/7/2020,1,Andalucía,742
5/8/2020,1,Andalucía,742
5/9/2020,1,Andalucía,745
5/10/2020,1,Andalucía,745
5/11/2020,1,Andalucía,745
5/12/2020,1,Andalucía,745
5/13/2020,1,Andalucía,750
5/14/2020,1,Andalucía,751
5/15/2020,1,Andalucía,754
5/16/2020,1,Andalucía,758
5/17/2020,1,Andalucía,760
2/21/2020,2,Aragón,
2/22/2020,2,Aragón,
2/23/2020,2,Aragón,
2/24/2020,2,Aragón,
2/25/2020,2,Aragón,
2/26/2020,2,Aragón,
2/27/2020,2,Aragón,
2/28/2020,2,Aragón,
2/29/2020,2,Aragón,
3/1/2020,2,Aragón,
3/2/2020,2,Aragón,
3/3/2020,2,Aragón,
3/4/2020,2,Aragón,
3/5/2020,2,Aragón,
3/6/2020,2,Aragón,
3/7/2020,2,Aragón,
3/8/2020,2,Aragón,
3/9/2020,2,Aragón,3
3/10/2020,2,Aragón,3
3/11/2020,2,Aragón,3
3/12/2020,2,Aragón,3
3/13/2020,2,Aragón,3
3/14/2020,2,Aragón,5
3/15/2020,2,Aragón,5
3/16/2020,2,Aragón,7
3/17/2020,2,Aragón,9
3/18/2020,2,Aragón,9
3/19/2020,2,Aragón,14
3/20/2020,2,Aragón,28
3/21/2020,2,Aragón,33
3/22/2020,2,Aragón,45
3/23/2020,2,Aragón,52
3/24/2020,2,Aragón,66
3/25/2020,2,Aragón,75
3/26/2020,2,Aragón,93
3/27/2020,2,Aragón,114
3/28/2020,2,Aragón,124
3/29/2020,2,Aragón,124
3/30/2020,2,Aragón,156
3/31/2020,2,Aragón,165
4/1/2020,2,Aragón,168
4/2/2020,2,Aragón,178
4/3/2020,2,Aragón,180
4/4/2020,2,Aragón,190
4/5/2020,2,Aragón,233
4/6/2020,2,Aragón,237
4/7/2020,2,Aragón,247
4/8/2020,2,Aragón,255
4/9/2020,2,Aragón,261
4/10/2020,2,Aragón,263
4/11/2020,2,Aragón,266
4/12/2020,2,Aragón,272
4/13/2020,2,Aragón,274
4/14/2020,2,Aragón,280
4/15/2020,2,Aragón,282
4/16/2020,2,Aragón,291
4/17/2020,2,Aragón,240
4/18/2020,2,Aragón,243
4/19/2020,2,Aragón,246
4/20/2020,2,Aragón,248
4/21/2020,2,Aragón,250
4/22/2020,2,Aragón,252
4/23/2020,2,Aragón,253
4/24/2020,2,Aragón,254
4/25/2020,2,Aragón,255
4/26/2020,2,Aragón,257
4/27/2020,2,Aragón,257
4/28/2020,2,Aragón,258
4/29/2020,2,Aragón,258
4/30/2020,2,Aragón,258
5/1/2020,2,Aragón,260
5/2/2020,2,Aragón,260
5/3/2020,2,Aragón,260
5/4/2020,2,Aragón,260
5/5/2020,2,Aragón,260
5/6/2020,2,Aragón,260
5/7/2020,2,Aragón,262
5/8/2020,2,Aragón,263
5/9/2020,2,Aragón,263
5/10/2020,2,Aragón,263
5/11/2020,2,Aragón,263
5/12/2020,2,Aragón,264
5/13/2020,2,Aragón,265
5/14/2020,2,Aragón,265
5/15/2020,2,Aragón,266
5/16/2020,2,Aragón,266
5/17/2020,2,Aragón,266
2/21/2020,3,Asturias,
2/22/2020,3,Asturias,
2/23/2020,3,Asturias,
2/24/2020,3,Asturias,
2/25/2020,3,Asturias,
2/26/2020,3,Asturias,
2/27/2020,3,Asturias,
2/28/2020,3,Asturias,
2/29/2020,3,Asturias,
3/1/2020,3,Asturias,
3/2/2020,3,Asturias,
3/3/2020,3,Asturias,
3/4/2020,3,Asturias,
3/5/2020,3,Asturias,
3/6/2020,3,Asturias,
3/7/2020,3,Asturias,
3/8/2020,3,Asturias,
3/9/2020,3,Asturias,2
3/10/2020,3,Asturias,2
3/11/2020,3,Asturias,2
3/12/2020,3,Asturias,2
3/13/2020,3,Asturias,2
3/14/2020,3,Asturias,2
3/15/2020,3,Asturias,3
3/16/2020,3,Asturias,3
3/17/2020,3,Asturias,5
3/18/2020,3,Asturias,5
3/19/2020,3,Asturias,6
3/20/2020,3,Asturias,7
3/21/2020,3,Asturias,12
3/22/2020,3,Asturias,15
3/23/2020,3,Asturias,22
3/24/2020,3,Asturias,23
3/25/2020,3,Asturias,29
3/26/2020,3,Asturias,34
3/27/2020,3,Asturias,47
3/28/2020,3,Asturias,50
3/29/2020,3,Asturias,57
3/30/2020,3,Asturias,60
3/31/2020,3,Asturias,65
4/1/2020,3,Asturias,76
4/2/2020,3,Asturias,79
4/3/2020,3,Asturias,86
4/4/2020,3,Asturias,87
4/5/2020,3,Asturias,90
4/6/2020,3,Asturias,90
4/7/2020,3,Asturias,91
4/8/2020,3,Asturias,91
4/9/2020,3,Asturias,94
4/10/2020,3,Asturias,100
4/11/2020,3,Asturias,105
4/12/2020,3,Asturias,106
4/13/2020,3,Asturias,110
4/14/2020,3,Asturias,111
4/15/2020,3,Asturias,114
4/16/2020,3,Asturias,116
4/17/2020,3,Asturias,118
4/18/2020,3,Asturias,119
4/19/2020,3,Asturias,120
4/20/2020,3,Asturias,122
4/21/2020,3,Asturias,122
4/22/2020,3,Asturias,128
4/23/2020,3,Asturias,130
4/24/2020,3,Asturias,131
4/25/2020,3,Asturias,132
4/26/2020,3,Asturias,134
4/27/2020,3,Asturias,137
4/28/2020,3,Asturias,137
4/29/2020,3,Asturias,137
4/30/2020,3,Asturias,137
5/1/2020,3,Asturias,140
5/2/2020,3,Asturias,141
5/3/2020,3,Asturias,142
5/4/2020,3,Asturias,142
5/5/2020,3,Asturias,142
5/6/2020,3,Asturias,142
5/7/2020,3,Asturias,143
5/8/2020,3,Asturias,144
5/9/2020,3,Asturias,145
5/10/2020,3,Asturias,147
5/11/2020,3,Asturias,149
5/12/2020,3,Asturias,150
5/13/2020,3,Asturias,151
5/14/2020,3,Asturias,151
5/15/2020,3,Asturias,152
5/16/2020,3,Asturias,152
5/17/2020,3,Asturias,153
2/21/2020,4,Baleares,
2/22/2020,4,Baleares,
2/23/2020,4,Baleares,
2/24/2020,4,Baleares,
2/25/2020,4,Baleares,
2/26/2020,4,Baleares,
2/27/2020,4,Baleares,
2/28/2020,4,Baleares,
2/29/2020,4,Baleares,
3/1/2020,4,Baleares,
3/2/2020,4,Baleares,
3/3/2020,4,Baleares,
3/4/2020,4,Baleares,
3/5/2020,4,Baleares,
3/6/2020,4,Baleares,
3/7/2020,4,Baleares,
3/8/2020,4,Baleares,
3/9/2020,4,Baleares,1
3/10/2020,4,Baleares,1
3/11/2020,4,Baleares,1
3/12/2020,4,Baleares,2
3/13/2020,4,Baleares,2
3/14/2020,4,Baleares,2
3/15/2020,4,Baleares,2
3/16/2020,4,Baleares,4
3/17/2020,4,Baleares,4
3/18/2020,4,Baleares,4
3/19/2020,4,Baleares,7
3/20/2020,4,Baleares,10
3/21/2020,4,Baleares,14
3/22/2020,4,Baleares,14
3/23/2020,4,Baleares,27
3/24/2020,4,Baleares,35
3/25/2020,4,Baleares,40
3/26/2020,4,Baleares,43
3/27/2020,4,Baleares,46
3/28/2020,4,Baleares,59
3/29/2020,4,Baleares,71
3/30/2020,4,Baleares,80
3/31/2020,4,Baleares,85
4/1/2020,4,Baleares,94
4/2/2020,4,Baleares,104
4/3/2020,4,Baleares,111
4/4/2020,4,Baleares,113
4/5/2020,4,Baleares,119
4/6/2020,4,Baleares,120
4/7/2020,4,Baleares,123
4/8/2020,4,Baleares,128
4/9/2020,4,Baleares,131
4/10/2020,4,Baleares,135
4/11/2020,4,Baleares,136
4/12/2020,4,Baleares,141
4/13/2020,4,Baleares,142
4/14/2020,4,Baleares,144
4/15/2020,4,Baleares,148
4/16/2020,4,Baleares,151
4/17/2020,4,Baleares,151
4/18/2020,4,Baleares,156
4/19/2020,4,Baleares,159
4/20/2020,4,Baleares,160
4/21/2020,4,Baleares,160
4/22/2020,4,Baleares,165
4/23/2020,4,Baleares,165
4/24/2020,4,Baleares,165
4/25/2020,4,Baleares,165
4/26/2020,4,Baleares,165
4/27/2020,4,Baleares,165
4/28/2020,4,Baleares,165
4/29/2020,4,Baleares,165
4/30/2020,4,Baleares,166
5/1/2020,4,Baleares,166
5/2/2020,4,Baleares,166
5/3/2020,4,Baleares,166
5/4/2020,4,Baleares,166
5/5/2020,4,Baleares,167
5/6/2020,4,Baleares,167
5/7/2020,4,Baleares,167
5/8/2020,4,Baleares,167
5/9/2020,4,Baleares,168
5/10/2020,4,Baleares,168
5/11/2020,4,Baleares,168
5/12/2020,4,Baleares,169
5/13/2020,4,Baleares,171
5/14/2020,4,Baleares,171
5/15/2020,4,Baleares,169
5/16/2020,4,Baleares,169
5/17/2020,4,Baleares,170
2/21/2020,5,Canarias,
2/22/2020,5,Canarias,
2/23/2020,5,Canarias,
2/24/2020,5,Canarias,
2/25/2020,5,Canarias,
2/26/2020,5,Canarias,
2/27/2020,5,Canarias,
2/28/2020,5,Canarias,
2/29/2020,5,Canarias,
3/1/2020,5,Canarias,
3/2/2020,5,Canarias,
3/3/2020,5,Canarias,
3/4/2020,5,Canarias,
3/5/2020,5,Canarias,
3/6/2020,5,Canarias,
3/7/2020,5,Canarias,
3/8/2020,5,Canarias,
3/9/2020,5,Canarias,0
3/10/2020,5,Canarias,1
3/11/2020,5,Canarias,1
3/12/2020,5,Canarias,3
3/13/2020,5,Canarias,3
3/14/2020,5,Canarias,6
3/15/2020,5,Canarias,6
3/16/2020,5,Canarias,9
3/17/2020,5,Canarias,13
3/18/2020,5,Canarias,17
3/19/2020,5,Canarias,23
3/20/2020,5,Canarias,25
3/21/2020,5,Canarias,29
3/22/2020,5,Canarias,32
3/23/2020,5,Canarias,32
3/24/2020,5,Canarias,36
3/25/2020,5,Canarias,43
3/26/2020,5,Canarias,45
3/27/2020,5,Canarias,61
3/28/2020,5,Canarias,68
3/29/2020,5,Canarias,78
3/30/2020,5,Canarias,84
3/31/2020,5,Canarias,94
4/1/2020,5,Canarias,110
4/2/2020,5,Canarias,113
4/3/2020,5,Canarias,120
4/4/2020,5,Canarias,128
4/5/2020,5,Canarias,129
4/6/2020,5,Canarias,133
4/7/2020,5,Canarias,137
4/8/2020,5,Canarias,138
4/9/2020,5,Canarias,140
4/10/2020,5,Canarias,141
4/11/2020,5,Canarias,144
4/12/2020,5,Canarias,144
4/13/2020,5,Canarias,145
4/14/2020,5,Canarias,147
4/15/2020,5,Canarias,152
4/16/2020,5,Canarias,156
4/17/2020,5,Canarias,159
4/18/2020,5,Canarias,160
4/19/2020,5,Canarias,162
4/20/2020,5,Canarias,163
4/21/2020,5,Canarias,164
4/22/2020,5,Canarias,164
4/23/2020,5,Canarias,169
4/24/2020,5,Canarias,169
4/25/2020,5,Canarias,171
4/26/2020,5,Canarias,171
4/27/2020,5,Canarias,171
4/28/2020,5,Canarias,174
4/29/2020,5,Canarias,175
4/30/2020,5,Canarias,175
5/1/2020,5,Canarias,175
5/2/2020,5,Canarias,175
5/3/2020,5,Canarias,175
5/4/2020,5,Canarias,175
5/5/2020,5,Canarias,176
5/6/2020,5,Canarias,176
5/7/2020,5,Canarias,176
5/8/2020,5,Canarias,176
5/9/2020,5,Canarias,178
5/10/2020,5,Canarias,178
5/11/2020,5,Canarias,178
5/12/2020,5,Canarias,178
5/13/2020,5,Canarias,178
5/14/2020,5,Canarias,178
5/15/2020,5,Canarias,178
5/16/2020,5,Canarias,178
5/17/2020,5,Canarias,178
2/21/2020,6,Cantabria,
2/22/2020,6,Cantabria,
2/23/2020,6,Cantabria,
2/24/2020,6,Cantabria,
2/25/2020,6,Cantabria,
2/26/2020,6,Cantabria,
2/27/2020,6,Cantabria,
2/28/2020,6,Cantabria,
2/29/2020,6,Cantabria,
3/1/2020,6,Cantabria,
3/2/2020,6,Cantabria,
3/3/2020,6,Cantabria,
3/4/2020,6,Cantabria,
3/5/2020,6,Cantabria,
3/6/2020,6,Cantabria,
3/7/2020,6,Cantabria,
3/8/2020,6,Cantabria,
3/9/2020,6,Cantabria,0
3/10/2020,6,Cantabria,0
3/11/2020,6,Cantabria,0
3/12/2020,6,Cantabria,0
3/13/2020,6,Cantabria,0
3/14/2020,6,Cantabria,0
3/15/2020,6,Cantabria,0
3/16/2020,6,Cantabria,2
3/17/2020,6,Cantabria,2
3/18/2020,6,Cantabria,3
3/19/2020,6,Cantabria,4
3/20/2020,6,Cantabria,7
3/21/2020,6,Cantabria,9
3/22/2020,6,Cantabria,9
3/23/2020,6,Cantabria,14
3/24/2020,6,Cantabria,16
3/25/2020,6,Cantabria,18
3/26/2020,6,Cantabria,26
3/27/2020,6,Cantabria,29
3/28/2020,6,Cantabria,37
3/29/2020,6,Cantabria,40
3/30/2020,6,Cantabria,46
3/31/2020,6,Cantabria,50
4/1/2020,6,Cantabria,54
4/2/2020,6,Cantabria,57
4/3/2020,6,Cantabria,59
4/4/2020,6,Cantabria,60
4/5/2020,6,Cantabria,62
4/6/2020,6,Cantabria,65
4/7/2020,6,Cantabria,66
4/8/2020,6,Cantabria,69
4/9/2020,6,Cantabria,71
4/10/2020,6,Cantabria,73
4/11/2020,6,Cantabria,75
4/12/2020,6,Cantabria,75
4/13/2020,6,Cantabria,75
4/14/2020,6,Cantabria,76
4/15/2020,6,Cantabria,76
4/16/2020,6,Cantabria,77
4/17/2020,6,Cantabria,78
4/18/2020,6,Cantabria,78
4/19/2020,6,Cantabria,78
4/20/2020,6,Cantabria,78
4/21/2020,6,Cantabria,78
4/22/2020,6,Cantabria,78
4/23/2020,6,Cantabria,78
4/24/2020,6,Cantabria,78
4/25/2020,6,Cantabria,78
4/26/2020,6,Cantabria,78
4/27/2020,6,Cantabria,78
4/28/2020,6,Cantabria,78
4/29/2020,6,Cantabria,79
4/30/2020,6,Cantabria,79
5/1/2020,6,Cantabria,79
5/2/2020,6,Cantabria,79
5/3/2020,6,Cantabria,79
5/4/2020,6,Cantabria,79
5/5/2020,6,Cantabria,79
5/6/2020,6,Cantabria,79
5/7/2020,6,Cantabria,79
5/8/2020,6,Cantabria,79
5/9/2020,6,Cantabria,79
5/10/2020,6,Cantabria,79
5/11/2020,6,Cantabria,79
5/12/2020,6,Cantabria,79
5/13/2020,6,Cantabria,79
5/14/2020,6,Cantabria,79
5/15/2020,6,Cantabria,79
5/16/2020,6,Cantabria,79
5/17/2020,6,Cantabria,79
2/21/2020,8,Castilla La Mancha,
2/22/2020,8,Castilla La Mancha,
2/23/2020,8,Castilla La Mancha,
2/24/2020,8,Castilla La Mancha,
2/25/2020,8,Castilla La Mancha,
2/26/2020,8,Castilla La Mancha,
2/27/2020,8,Castilla La Mancha,
2/28/2020,8,Castilla La Mancha,
2/29/2020,8,Castilla La Mancha,
3/1/2020,8,Castilla La Mancha,
3/2/2020,8,Castilla La Mancha,
3/3/2020,8,Castilla La Mancha,
3/4/2020,8,Castilla La Mancha,
3/5/2020,8,Castilla La Mancha,
3/6/2020,8,Castilla La Mancha,
3/7/2020,8,Castilla La Mancha,
3/8/2020,8,Castilla La Mancha,
3/9/2020,8,Castilla La Mancha,2
3/10/2020,8,Castilla La Mancha,3
3/11/2020,8,Castilla La Mancha,5
3/12/2020,8,Castilla La Mancha,9
3/13/2020,8,Castilla La Mancha,10
3/14/2020,8,Castilla La Mancha,10
3/15/2020,8,Castilla La Mancha,10
3/16/2020,8,Castilla La Mancha,23
3/17/2020,8,Castilla La Mancha,23
3/18/2020,8,Castilla La Mancha,29
3/19/2020,8,Castilla La Mancha,37
3/20/2020,8,Castilla La Mancha,37
3/21/2020,8,Castilla La Mancha,65
3/22/2020,8,Castilla La Mancha,76
3/23/2020,8,Castilla La Mancha,142
3/24/2020,8,Castilla La Mancha,182
3/25/2020,8,Castilla La Mancha,210
3/26/2020,8,Castilla La Mancha,243
3/27/2020,8,Castilla La Mancha,273
3/28/2020,8,Castilla La Mancha,289
3/29/2020,8,Castilla La Mancha,299
3/30/2020,8,Castilla La Mancha,302
3/31/2020,8,Castilla La Mancha,344
4/1/2020,8,Castilla La Mancha,353
4/2/2020,8,Castilla La Mancha,355
4/3/2020,8,Castilla La Mancha,355
4/4/2020,8,Castilla La Mancha,360
4/5/2020,8,Castilla La Mancha,357
4/6/2020,8,Castilla La Mancha,354
4/7/2020,8,Castilla La Mancha,360
4/8/2020,8,Castilla La Mancha,354
4/9/2020,8,Castilla La Mancha,342
4/10/2020,8,Castilla La Mancha,329
4/11/2020,8,Castilla La Mancha,316
4/12/2020,8,Castilla La Mancha,316
4/13/2020,8,Castilla La Mancha,475
4/14/2020,8,Castilla La Mancha,486
4/15/2020,8,Castilla La Mancha,495
4/16/2020,8,Castilla La Mancha,503
4/17/2020,8,Castilla La Mancha,511
4/18/2020,8,Castilla La Mancha,514
4/19/2020,8,Castilla La Mancha,518
4/20/2020,8,Castilla La Mancha,531
4/21/2020,8,Castilla La Mancha,534
4/22/2020,8,Castilla La Mancha,537
4/23/2020,8,Castilla La Mancha,546
4/24/2020,8,Castilla La Mancha,553
4/25/2020,8,Castilla La Mancha,559
4/26/2020,8,Castilla La Mancha,565
4/27/2020,8,Castilla La Mancha,579
4/28/2020,8,Castilla La Mancha,584
4/29/2020,8,Castilla La Mancha,588
4/30/2020,8,Castilla La Mancha,592
5/1/2020,8,Castilla La Mancha,596
5/2/2020,8,Castilla La Mancha,601
5/3/2020,8,Castilla La Mancha,604
5/4/2020,8,Castilla La Mancha,606
5/5/2020,8,Castilla La Mancha,609
5/6/2020,8,Castilla La Mancha,612
5/7/2020,8,Castilla La Mancha,613
5/8/2020,8,Castilla La Mancha,617
5/9/2020,8,Castilla La Mancha,621
5/10/2020,8,Castilla La Mancha,623
5/11/2020,8,Castilla La Mancha,624
5/12/2020,8,Castilla La Mancha,629
5/13/2020,8,Castilla La Mancha,632
5/14/2020,8,Castilla La Mancha,634
5/15/2020,8,Castilla La Mancha,635
5/16/2020,8,Castilla La Mancha,636
5/17/2020,8,Castilla La Mancha,637
2/21/2020,7,Castilla y León,
2/22/2020,7,Castilla y León,
2/23/2020,7,Castilla y León,
2/24/2020,7,Castilla y León,
2/25/2020,7,Castilla y León,
2/26/2020,7,Castilla y León,
2/27/2020,7,Castilla y León,
2/28/2020,7,Castilla y León,
2/29/2020,7,Castilla y León,
3/1/2020,7,Castilla y León,
3/2/2020,7,Castilla y León,
3/3/2020,7,Castilla y León,
3/4/2020,7,Castilla y León,
3/5/2020,7,Castilla y León,
3/6/2020,7,Castilla y León,
3/7/2020,7,Castilla y León,
3/8/2020,7,Castilla y León,
3/9/2020,7,Castilla y León,2
3/10/2020,7,Castilla y León,2
3/11/2020,7,Castilla y León,5
3/12/2020,7,Castilla y León,7
3/13/2020,7,Castilla y León,8
3/14/2020,7,Castilla y León,15
3/15/2020,7,Castilla y León,22
3/16/2020,7,Castilla y León,29
3/17/2020,7,Castilla y León,36
3/18/2020,7,Castilla y León,50
3/19/2020,7,Castilla y León,63
3/20/2020,7,Castilla y León,75
3/21/2020,7,Castilla y León,96
3/22/2020,7,Castilla y León,111
3/23/2020,7,Castilla y León,130
3/24/2020,7,Castilla y León,151
3/25/2020,7,Castilla y León,179
3/26/2020,7,Castilla y León,198
3/27/2020,7,Castilla y León,215
3/28/2020,7,Castilla y León,238
3/29/2020,7,Castilla y León,261
3/30/2020,7,Castilla y León,272
3/31/2020,7,Castilla y León,294
4/1/2020,7,Castilla y León,318
4/2/2020,7,Castilla y León,332
4/3/2020,7,Castilla y León,342
4/4/2020,7,Castilla y León,351
4/5/2020,7,Castilla y León,361
4/6/2020,7,Castilla y León,368
4/7/2020,7,Castilla y León,375
4/8/2020,7,Castilla y León,386
4/9/2020,7,Castilla y León,399
4/10/2020,7,Castilla y León,407
4/11/2020,7,Castilla y León,414
4/12/2020,7,Castilla y León,418
4/13/2020,7,Castilla y León,423
4/14/2020,7,Castilla y León,432
4/15/2020,7,Castilla y León,440
4/16/2020,7,Castilla y León,445
4/17/2020,7,Castilla y León,449
4/18/2020,7,Castilla y León,495
4/19/2020,7,Castilla y León,498
4/20/2020,7,Castilla y León,501
4/21/2020,7,Castilla y León,503
4/22/2020,7,Castilla y León,505
4/23/2020,7,Castilla y León,508
4/24/2020,7,Castilla y León,510
4/25/2020,7,Castilla y León,511
4/26/2020,7,Castilla y León,515
4/27/2020,7,Castilla y León,518
4/28/2020,7,Castilla y León,522
4/29/2020,7,Castilla y León,524
4/30/2020,7,Castilla y León,528
5/1/2020,7,Castilla y León,531
5/2/2020,7,Castilla y León,531
5/3/2020,7,Castilla y León,533
5/4/2020,7,Castilla y León,534
5/5/2020,7,Castilla y León,537
5/6/2020,7,Castilla y León,538
5/7/2020,7,Castilla y León,541
5/8/2020,7,Castilla y León,543
5/9/2020,7,Castilla y León,546
5/10/2020,7,Castilla y León,546
5/11/2020,7,Castilla y León,547
5/12/2020,7,Castilla y León,547
5/13/2020,7,Castilla y León,547
5/14/2020,7,Castilla y León,548
5/15/2020,7,Castilla y León,548
5/16/2020,7,Castilla y León,549
5/17/2020,7,Castilla y León,550
2/21/2020,9,Cataluña,
2/22/2020,9,Cataluña,
2/23/2020,9,Cataluña,
2/24/2020,9,Cataluña,
2/25/2020,9,Cataluña,
2/26/2020,9,Cataluña,
2/27/2020,9,Cataluña,
2/28/2020,9,Cataluña,
2/29/2020,9,Cataluña,
3/1/2020,9,Cataluña,
3/2/2020,9,Cataluña,
3/3/2020,9,Cataluña,
3/4/2020,9,Cataluña,
3/5/2020,9,Cataluña,
3/6/2020,9,Cataluña,
3/7/2020,9,Cataluña,
3/8/2020,9,Cataluña,
3/9/2020,9,Cataluña,5
3/10/2020,9,Cataluña,7
3/11/2020,9,Cataluña,8
3/12/2020,9,Cataluña,16
3/13/2020,9,Cataluña,22
3/14/2020,9,Cataluña,29
3/15/2020,9,Cataluña,40
3/16/2020,9,Cataluña,52
3/17/2020,9,Cataluña,73
3/18/2020,9,Cataluña,101
3/19/2020,9,Cataluña,118
3/20/2020,9,Cataluña,175
3/21/2020,9,Cataluña,271
3/22/2020,9,Cataluña,290
3/23/2020,9,Cataluña,308
3/24/2020,9,Cataluña,471
3/25/2020,9,Cataluña,713
3/26/2020,9,Cataluña,764
3/27/2020,9,Cataluña,972
3/28/2020,9,Cataluña,1036
3/29/2020,9,Cataluña,1080
3/30/2020,9,Cataluña,1150
3/31/2020,9,Cataluña,1218
4/1/2020,9,Cataluña,1345
4/2/2020,9,Cataluña,1415
4/3/2020,9,Cataluña,1482
4/4/2020,9,Cataluña,1569
4/5/2020,9,Cataluña,1653
4/6/2020,9,Cataluña,1685
4/7/2020,9,Cataluña,1740
4/8/2020,9,Cataluña,1829
4/9/2020,9,Cataluña,1946
4/10/2020,9,Cataluña,1966
4/11/2020,9,Cataluña,1989
4/12/2020,9,Cataluña,2018
4/13/2020,9,Cataluña,2084
4/14/2020,9,Cataluña,2102
4/15/2020,9,Cataluña,2189
4/16/2020,9,Cataluña,2252
4/17/2020,9,Cataluña,2305
4/18/2020,9,Cataluña,2349
4/19/2020,9,Cataluña,2395
4/20/2020,9,Cataluña,2409
4/21/2020,9,Cataluña,2437
4/22/2020,9,Cataluña,2460
4/23/2020,9,Cataluña,2478
4/24/2020,9,Cataluña,2569
4/25/2020,9,Cataluña,2576
4/26/2020,9,Cataluña,2583
4/27/2020,9,Cataluña,2724
4/28/2020,9,Cataluña,2750
4/29/2020,9,Cataluña,2768
4/30/2020,9,Cataluña,2784
5/1/2020,9,Cataluña,2795
5/2/2020,9,Cataluña,2811
5/3/2020,9,Cataluña,2844
5/4/2020,9,Cataluña,2847
5/5/2020,9,Cataluña,2856
5/6/2020,9,Cataluña,2871
5/7/2020,9,Cataluña,2891
5/8/2020,9,Cataluña,2949
5/9/2020,9,Cataluña,2983
5/10/2020,9,Cataluña,2991
5/11/2020,9,Cataluña,2995
5/12/2020,9,Cataluña,2995
5/13/2020,9,Cataluña,3034
5/14/2020,9,Cataluña,3048
5/15/2020,9,Cataluña,3049
5/16/2020,9,Cataluña,3049
5/17/2020,9,Cataluña,3062
2/21/2020,18,Ceuta,
2/22/2020,18,Ceuta,
2/23/2020,18,Ceuta,
2/24/2020,18,Ceuta,
2/25/2020,18,Ceuta,
2/26/2020,18,Ceuta,
2/27/2020,18,Ceuta,
2/28/2020,18,Ceuta,
2/29/2020,18,Ceuta,
3/1/2020,18,Ceuta,
3/2/2020,18,Ceuta,
3/3/2020,18,Ceuta,
3/4/2020,18,Ceuta,
3/5/2020,18,Ceuta,
3/6/2020,18,Ceuta,
3/7/2020,18,Ceuta,
3/8/2020,18,Ceuta,
3/9/2020,18,Ceuta,0
3/10/2020,18,Ceuta,0
3/11/2020,18,Ceuta,0
3/12/2020,18,Ceuta,0
3/13/2020,18,Ceuta,0
3/14/2020,18,Ceuta,0
3/15/2020,18,Ceuta,0
3/16/2020,18,Ceuta,0
3/17/2020,18,Ceuta,0
3/18/2020,18,Ceuta,0
3/19/2020,18,Ceuta,0
3/20/2020,18,Ceuta,0
3/21/2020,18,Ceuta,0
3/22/2020,18,Ceuta,0
3/23/2020,18,Ceuta,0
3/24/2020,18,Ceuta,0
3/25/2020,18,Ceuta,1
3/26/2020,18,Ceuta,2
3/27/2020,18,Ceuta,2
3/28/2020,18,Ceuta,2
3/29/2020,18,Ceuta,2
3/30/2020,18,Ceuta,2
3/31/2020,18,Ceuta,3
4/1/2020,18,Ceuta,3
4/2/2020,18,Ceuta,3
4/3/2020,18,Ceuta,3
4/4/2020,18,Ceuta,4
4/5/2020,18,Ceuta,4
4/6/2020,18,Ceuta,4
4/7/2020,18,Ceuta,4
4/8/2020,18,Ceuta,4
4/9/2020,18,Ceuta,4
4/10/2020,18,Ceuta,4
4/11/2020,18,Ceuta,4
4/12/2020,18,Ceuta,4
4/13/2020,18,Ceuta,4
4/14/2020,18,Ceuta,4
4/15/2020,18,Ceuta,4
4/16/2020,18,Ceuta,4
4/17/2020,18,Ceuta,4
4/18/2020,18,Ceuta,4
4/19/2020,18,Ceuta,4
4/20/2020,18,Ceuta,4
4/21/2020,18,Ceuta,4
4/22/2020,18,Ceuta,4
4/23/2020,18,Ceuta,4
4/24/2020,18,Ceuta,4
4/25/2020,18,Ceuta,4
4/26/2020,18,Ceuta,4
4/27/2020,18,Ceuta,4
4/28/2020,18,Ceuta,4
4/29/2020,18,Ceuta,4
4/30/2020,18,Ceuta,4
5/1/2020,18,Ceuta,4
5/2/2020,18,Ceuta,4
5/3/2020,18,Ceuta,4
5/4/2020,18,Ceuta,4
5/5/2020,18,Ceuta,4
5/6/2020,18,Ceuta,4
5/7/2020,18,Ceuta,4
5/8/2020,18,Ceuta,4
5/9/2020,18,Ceuta,4
5/10/2020,18,Ceuta,4
5/11/2020,18,Ceuta,4
5/12/2020,18,Ceuta,4
5/13/2020,18,Ceuta,4
5/14/2020,18,Ceuta,4
5/15/2020,18,Ceuta,4
5/16/2020,18,Ceuta,4
5/17/2020,18,Ceuta,4
2/21/2020,10,C. Valenciana,0
2/22/2020,10,C. Valenciana,1
2/23/2020,10,C. Valenciana,1
2/24/2020,10,C. Valenciana,2
2/25/2020,10,C. Valenciana,2
2/26/2020,10,C. Valenciana,2
2/27/2020,10,C. Valenciana,3
2/28/2020,10,C. Valenciana,3
2/29/2020,10,C. Valenciana,3
3/1/2020,10,C. Valenciana,3
3/2/2020,10,C. Valenciana,3
3/3/2020,10,C. Valenciana,3
3/4/2020,10,C. Valenciana,5
3/5/2020,10,C. Valenciana,6
3/6/2020,10,C. Valenciana,8
3/7/2020,10,C. Valenciana,8
3/8/2020,10,C. Valenciana,9
3/9/2020,10,C. Valenciana,9
3/10/2020,10,C. Valenciana,10
3/11/2020,10,C. Valenciana,12
3/12/2020,10,C. Valenciana,15
3/13/2020,10,C. Valenciana,22
3/14/2020,10,C. Valenciana,29
3/15/2020,10,C. Valenciana,37
3/16/2020,10,C. Valenciana,47
3/17/2020,10,C. Valenciana,52
3/18/2020,10,C. Valenciana,65
3/19/2020,10,C. Valenciana,85
3/20/2020,10,C. Valenciana,101
3/21/2020,10,C. Valenciana,129
3/22/2020,10,C. Valenciana,152
3/23/2020,10,C. Valenciana,181
3/24/2020,10,C. Valenciana,222
3/25/2020,10,C. Valenciana,255
3/26/2020,10,C. Valenciana,289
3/27/2020,10,C. Valenciana,325
3/28/2020,10,C. Valenciana,348
3/29/2020,10,C. Valenciana,375
3/30/2020,10,C. Valenciana,393
3/31/2020,10,C. Valenciana,416
4/1/2020,10,C. Valenciana,434
4/2/2020,10,C. Valenciana,449
4/3/2020,10,C. Valenciana,460
4/4/2020,10,C. Valenciana,470
4/5/2020,10,C. Valenciana,478
4/6/2020,10,C. Valenciana,487
4/7/2020,10,C. Valenciana,492
4/8/2020,10,C. Valenciana,496
4/9/2020,10,C. Valenciana,541
4/10/2020,10,C. Valenciana,561
4/11/2020,10,C. Valenciana,565
4/12/2020,10,C. Valenciana,567
4/13/2020,10,C. Valenciana,576
4/14/2020,10,C. Valenciana,581
4/15/2020,10,C. Valenciana,588
4/16/2020,10,C. Valenciana,625
4/17/2020,10,C. Valenciana,632
4/18/2020,10,C. Valenciana,636
4/19/2020,10,C. Valenciana,643
4/20/2020,10,C. Valenciana,646
4/21/2020,10,C. Valenciana,648
4/22/2020,10,C. Valenciana,649
4/23/2020,10,C. Valenciana,650
4/24/2020,10,C. Valenciana,651
4/25/2020,10,C. Valenciana,653
4/26/2020,10,C. Valenciana,654
4/27/2020,10,C. Valenciana,656
4/28/2020,10,C. Valenciana,659
4/29/2020,10,C. Valenciana,662
4/30/2020,10,C. Valenciana,663
5/1/2020,10,C. Valenciana,694
5/2/2020,10,C. Valenciana,695
5/3/2020,10,C. Valenciana,698
5/4/2020,10,C. Valenciana,700
5/5/2020,10,C. Valenciana,701
5/6/2020,10,C. Valenciana,701
5/7/2020,10,C. Valenciana,704
5/8/2020,10,C. Valenciana,706
5/9/2020,10,C. Valenciana,709
5/10/2020,10,C. Valenciana,716
5/11/2020,10,C. Valenciana,716
5/12/2020,10,C. Valenciana,717
5/13/2020,10,C. Valenciana,717
5/14/2020,10,C. Valenciana,717
5/15/2020,10,C. Valenciana,721
5/16/2020,10,C. Valenciana,722
5/17/2020,10,C. Valenciana,723
2/21/2020,11,Extremadura,
2/22/2020,11,Extremadura,
2/23/2020,11,Extremadura,
2/24/2020,11,Extremadura,
2/25/2020,11,Extremadura,
2/26/2020,11,Extremadura,
2/27/2020,11,Extremadura,
2/28/2020,11,Extremadura,
2/29/2020,11,Extremadura,
3/1/2020,11,Extremadura,
3/2/2020,11,Extremadura,
3/3/2020,11,Extremadura,
3/4/2020,11,Extremadura,
3/5/2020,11,Extremadura,
3/6/2020,11,Extremadura,
3/7/2020,11,Extremadura,
3/8/2020,11,Extremadura,
3/9/2020,11,Extremadura,0
3/10/2020,11,Extremadura,0
3/11/2020,11,Extremadura,1
3/12/2020,11,Extremadura,1
3/13/2020,11,Extremadura,1
3/14/2020,11,Extremadura,1
3/15/2020,11,Extremadura,1
3/16/2020,11,Extremadura,1
3/17/2020,11,Extremadura,2
3/18/2020,11,Extremadura,3
3/19/2020,11,Extremadura,3
3/20/2020,11,Extremadura,4
3/21/2020,11,Extremadura,6
3/22/2020,11,Extremadura,8
3/23/2020,11,Extremadura,13
3/24/2020,11,Extremadura,20
3/25/2020,11,Extremadura,28
3/26/2020,11,Extremadura,34
3/27/2020,11,Extremadura,41
3/28/2020,11,Extremadura,40
3/29/2020,11,Extremadura,41
3/30/2020,11,Extremadura,43
3/31/2020,11,Extremadura,51
4/1/2020,11,Extremadura,58
4/2/2020,11,Extremadura,62
4/3/2020,11,Extremadura,64
4/4/2020,11,Extremadura,64
4/5/2020,11,Extremadura,66
4/6/2020,11,Extremadura,66
4/7/2020,11,Extremadura,70
4/8/2020,11,Extremadura,98
4/9/2020,11,Extremadura,99
4/10/2020,11,Extremadura,101
4/11/2020,11,Extremadura,104
4/12/2020,11,Extremadura,106
4/13/2020,11,Extremadura,107
4/14/2020,11,Extremadura,107
4/15/2020,11,Extremadura,107
4/16/2020,11,Extremadura,107
4/17/2020,11,Extremadura,107
4/18/2020,11,Extremadura,107
4/19/2020,11,Extremadura,107
4/20/2020,11,Extremadura,107
4/21/2020,11,Extremadura,107
4/22/2020,11,Extremadura,107
4/23/2020,11,Extremadura,107
4/24/2020,11,Extremadura,107
4/25/2020,11,Extremadura,107
4/26/2020,11,Extremadura,107
4/27/2020,11,Extremadura,107
4/28/2020,11,Extremadura,107
4/29/2020,11,Extremadura,107
4/30/2020,11,Extremadura,108
5/1/2020,11,Extremadura,108
5/2/2020,11,Extremadura,108
5/3/2020,11,Extremadura,108
5/4/2020,11,Extremadura,108
5/5/2020,11,Extremadura,108
5/6/2020,11,Extremadura,108
5/7/2020,11,Extremadura,108
5/8/2020,11,Extremadura,109
5/9/2020,11,Extremadura,109
5/10/2020,11,Extremadura,109
5/11/2020,11,Extremadura,109
5/12/2020,11,Extremadura,109
5/13/2020,11,Extremadura,109
5/14/2020,11,Extremadura,109
5/15/2020,11,Extremadura,109
5/16/2020,11,Extremadura,109
5/17/2020,11,Extremadura,110
2/21/2020,12,Galicia,
2/22/2020,12,Galicia,
2/23/2020,12,Galicia,
2/24/2020,12,Galicia,
2/25/2020,12,Galicia,
2/26/2020,12,Galicia,
2/27/2020,12,Galicia,
2/28/2020,12,Galicia,
2/29/2020,12,Galicia,
3/1/2020,12,Galicia,
3/2/2020,12,Galicia,
3/3/2020,12,Galicia,
3/4/2020,12,Galicia,
3/5/2020,12,Galicia,
3/6/2020,12,Galicia,
3/7/2020,12,Galicia,
3/8/2020,12,Galicia,
3/9/2020,12,Galicia,2
3/10/2020,12,Galicia,2
3/11/2020,12,Galicia,2
3/12/2020,12,Galicia,2
3/13/2020,12,Galicia,6
3/14/2020,12,Galicia,6
3/15/2020,12,Galicia,6
3/16/2020,12,Galicia,8
3/17/2020,12,Galicia,12
3/18/2020,12,Galicia,17
3/19/2020,12,Galicia,24
3/20/2020,12,Galicia,34
3/21/2020,12,Galicia,40
3/22/2020,12,Galicia,50
3/23/2020,12,Galicia,62
3/24/2020,12,Galicia,78
3/25/2020,12,Galicia,100
3/26/2020,12,Galicia,107
3/27/2020,12,Galicia,122
3/28/2020,12,Galicia,141
3/29/2020,12,Galicia,159
3/30/2020,12,Galicia,176
3/31/2020,12,Galicia,189
4/1/2020,12,Galicia,203
4/2/2020,12,Galicia,212
4/3/2020,12,Galicia,219
4/4/2020,12,Galicia,229
4/5/2020,12,Galicia,237
4/6/2020,12,Galicia,245
4/7/2020,12,Galicia,253
4/8/2020,12,Galicia,256
4/9/2020,12,Galicia,260
4/10/2020,12,Galicia,263
4/11/2020,12,Galicia,264
4/12/2020,12,Galicia,267
4/13/2020,12,Galicia,275
4/14/2020,12,Galicia,280
4/15/2020,12,Galicia,282
4/16/2020,12,Galicia,282
4/17/2020,12,Galicia,290
4/18/2020,12,Galicia,291
4/19/2020,12,Galicia,294
4/20/2020,12,Galicia,296
4/21/2020,12,Galicia,296
4/22/2020,12,Galicia,297
4/23/2020,12,Galicia,298
4/24/2020,12,Galicia,301
4/25/2020,12,Galicia,302
4/26/2020,12,Galicia,303
4/27/2020,12,Galicia,304
4/28/2020,12,Galicia,305
4/29/2020,12,Galicia,308
4/30/2020,12,Galicia,310
5/1/2020,12,Galicia,313
5/2/2020,12,Galicia,313
5/3/2020,12,Galicia,315
5/4/2020,12,Galicia,315
5/5/2020,12,Galicia,317
5/6/2020,12,Galicia,319
5/7/2020,12,Galicia,320
5/8/2020,12,Galicia,321
5/9/2020,12,Galicia,323
5/10/2020,12,Galicia,325
5/11/2020,12,Galicia,326
5/12/2020,12,Galicia,326
5/13/2020,12,Galicia,327
5/14/2020,12,Galicia,327
5/15/2020,12,Galicia,332
5/16/2020,12,Galicia,332
5/17/2020,12,Galicia,332
2/21/2020,13,Madrid,
2/22/2020,13,Madrid,
2/23/2020,13,Madrid,
2/24/2020,13,Madrid,
2/25/2020,13,Madrid,
2/26/2020,13,Madrid,
2/27/2020,13,Madrid,
2/28/2020,13,Madrid,
2/29/2020,13,Madrid,
3/1/2020,13,Madrid,
3/2/2020,13,Madrid,
3/3/2020,13,Madrid,
3/4/2020,13,Madrid,
3/5/2020,13,Madrid,
3/6/2020,13,Madrid,
3/7/2020,13,Madrid,
3/8/2020,13,Madrid,
3/9/2020,13,Madrid,53
3/10/2020,13,Madrid,77
3/11/2020,13,Madrid,102
3/12/2020,13,Madrid,135
3/13/2020,13,Madrid,180
3/14/2020,13,Madrid,180
3/15/2020,13,Madrid,253
3/16/2020,13,Madrid,253
3/17/2020,13,Madrid,340
3/18/2020,13,Madrid,491
3/19/2020,13,Madrid,590
3/20/2020,13,Madrid,678
3/21/2020,13,Madrid,767
3/22/2020,13,Madrid,834
3/23/2020,13,Madrid,942
3/24/2020,13,Madrid,1050
3/25/2020,13,Madrid,1150
3/26/2020,13,Madrid,1221
3/27/2020,13,Madrid,1312
3/28/2020,13,Madrid,1404
3/29/2020,13,Madrid,1429
3/30/2020,13,Madrid,1460
3/31/2020,13,Madrid,1514
4/1/2020,13,Madrid,1514
4/2/2020,13,Madrid,1528
4/3/2020,13,Madrid,1506
4/4/2020,13,Madrid,1498
4/5/2020,13,Madrid,1499
4/6/2020,13,Madrid,1510
4/7/2020,13,Madrid,1494
4/8/2020,13,Madrid,1450
4/9/2020,13,Madrid,1433
4/10/2020,13,Madrid,1399
4/11/2020,13,Madrid,1376
4/12/2020,13,Madrid,1332
4/13/2020,13,Madrid,1327
4/14/2020,13,Madrid,1299
4/15/2020,13,Madrid,1244
4/16/2020,13,Madrid,1206
4/17/2020,13,Madrid,1154
4/18/2020,13,Madrid,1094
4/19/2020,13,Madrid,1123
4/20/2020,13,Madrid,1111
4/21/2020,13,Madrid,1076
4/22/2020,13,Madrid,1024
4/23/2020,13,Madrid,981
4/24/2020,13,Madrid,949
4/25/2020,13,Madrid,892
4/26/2020,13,Madrid,873
4/27/2020,13,Madrid,3309
4/28/2020,13,Madrid,3338
4/29/2020,13,Madrid,3355
4/30/2020,13,Madrid,3377
5/1/2020,13,Madrid,3392
5/2/2020,13,Madrid,3404
5/3/2020,13,Madrid,3421
5/4/2020,13,Madrid,3431
5/5/2020,13,Madrid,3442
5/6/2020,13,Madrid,3465
5/7/2020,13,Madrid,3485
5/8/2020,13,Madrid,3493
5/9/2020,13,Madrid,3508
5/10/2020,13,Madrid,3520
5/11/2020,13,Madrid,3529
5/12/2020,13,Madrid,3543
5/13/2020,13,Madrid,3555
5/14/2020,13,Madrid,3564
5/15/2020,13,Madrid,3574
5/16/2020,13,Madrid,3577
5/17/2020,13,Madrid,3584
2/21/2020,19,Melilla,
2/22/2020,19,Melilla,
2/23/2020,19,Melilla,
2/24/2020,19,Melilla,
2/25/2020,19,Melilla,
2/26/2020,19,Melilla,
2/27/2020,19,Melilla,
2/28/2020,19,Melilla,
2/29/2020,19,Melilla,
3/1/2020,19,Melilla,
3/2/2020,19,Melilla,
3/3/2020,19,Melilla,
3/4/2020,19,Melilla,
3/5/2020,19,Melilla,
3/6/2020,19,Melilla,
3/7/2020,19,Melilla,
3/8/2020,19,Melilla,
3/9/2020,19,Melilla,0
3/10/2020,19,Melilla,0
3/11/2020,19,Melilla,0
3/12/2020,19,Melilla,0
3/13/2020,19,Melilla,0
3/14/2020,19,Melilla,0
3/15/2020,19,Melilla,0
3/16/2020,19,Melilla,0
3/17/2020,19,Melilla,0
3/18/2020,19,Melilla,0
3/19/2020,19,Melilla,0
3/20/2020,19,Melilla,1
3/21/2020,19,Melilla,1
3/22/2020,19,Melilla,1
3/23/2020,19,Melilla,1
3/24/2020,19,Melilla,1
3/25/2020,19,Melilla,2
3/26/2020,19,Melilla,2
3/27/2020,19,Melilla,2
3/28/2020,19,Melilla,2
3/29/2020,19,Melilla,2
3/30/2020,19,Melilla,3
3/31/2020,19,Melilla,3
4/1/2020,19,Melilla,3
4/2/2020,19,Melilla,3
4/3/2020,19,Melilla,3
4/4/2020,19,Melilla,3
4/5/2020,19,Melilla,3
4/6/2020,19,Melilla,3
4/7/2020,19,Melilla,3
4/8/2020,19,Melilla,3
4/9/2020,19,Melilla,3
4/10/2020,19,Melilla,3
4/11/2020,19,Melilla,3
4/12/2020,19,Melilla,3
4/13/2020,19,Melilla,3
4/14/2020,19,Melilla,3
4/15/2020,19,Melilla,3
4/16/2020,19,Melilla,3
4/17/2020,19,Melilla,3
4/18/2020,19,Melilla,3
4/19/2020,19,Melilla,3
4/20/2020,19,Melilla,3
4/21/2020,19,Melilla,3
4/22/2020,19,Melilla,3
4/23/2020,19,Melilla,3
4/24/2020,19,Melilla,3
4/25/2020,19,Melilla,3
4/26/2020,19,Melilla,3
4/27/2020,19,Melilla,3
4/28/2020,19,Melilla,3
4/29/2020,19,Melilla,3
4/30/2020,19,Melilla,3
5/1/2020,19,Melilla,3
5/2/2020,19,Melilla,3
5/3/2020,19,Melilla,3
5/4/2020,19,Melilla,3
5/5/2020,19,Melilla,3
5/6/2020,19,Melilla,3
5/7/2020,19,Melilla,3
5/8/2020,19,Melilla,3
5/9/2020,19,Melilla,3
5/10/2020,19,Melilla,3
5/11/2020,19,Melilla,3
5/12/2020,19,Melilla,3
5/13/2020,19,Melilla,3
5/14/2020,19,Melilla,3
5/15/2020,19,Melilla,3
5/16/2020,19,Melilla,3
5/17/2020,19,Melilla,3
2/21/2020,14,Murcia,
2/22/2020,14,Murcia,
2/23/2020,14,Murcia,
2/24/2020,14,Murcia,
2/25/2020,14,Murcia,
2/26/2020,14,Murcia,
2/27/2020,14,Murcia,
2/28/2020,14,Murcia,
2/29/2020,14,Murcia,
3/1/2020,14,Murcia,
3/2/2020,14,Murcia,
3/3/2020,14,Murcia,
3/4/2020,14,Murcia,
3/5/2020,14,Murcia,
3/6/2020,14,Murcia,
3/7/2020,14,Murcia,
3/8/2020,14,Murcia,
3/9/2020,14,Murcia,0
3/10/2020,14,Murcia,0
3/11/2020,14,Murcia,0
3/12/2020,14,Murcia,1
3/13/2020,14,Murcia,2
3/14/2020,14,Murcia,2
3/15/2020,14,Murcia,2
3/16/2020,14,Murcia,2
3/17/2020,14,Murcia,3
3/18/2020,14,Murcia,4
3/19/2020,14,Murcia,6
3/20/2020,14,Murcia,11
3/21/2020,14,Murcia,14
3/22/2020,14,Murcia,16
3/23/2020,14,Murcia,23
3/24/2020,14,Murcia,26
3/25/2020,14,Murcia,33
3/26/2020,14,Murcia,36
3/27/2020,14,Murcia,53
3/28/2020,14,Murcia,58
3/29/2020,14,Murcia,58
3/30/2020,14,Murcia,58
3/31/2020,14,Murcia,59
4/1/2020,14,Murcia,59
4/2/2020,14,Murcia,68
4/3/2020,14,Murcia,72
4/4/2020,14,Murcia,79
4/5/2020,14,Murcia,80
4/6/2020,14,Murcia,81
4/7/2020,14,Murcia,84
4/8/2020,14,Murcia,86
4/9/2020,14,Murcia,87
4/10/2020,14,Murcia,88
4/11/2020,14,Murcia,88
4/12/2020,14,Murcia,91
4/13/2020,14,Murcia,94
4/14/2020,14,Murcia,96
4/15/2020,14,Murcia,97
4/16/2020,14,Murcia,97
4/17/2020,14,Murcia,99
4/18/2020,14,Murcia,102
4/19/2020,14,Murcia,102
4/20/2020,14,Murcia,103
4/21/2020,14,Murcia,104
4/22/2020,14,Murcia,104
4/23/2020,14,Murcia,104
4/24/2020,14,Murcia,105
4/25/2020,14,Murcia,105
4/26/2020,14,Murcia,106
4/27/2020,14,Murcia,106
4/28/2020,14,Murcia,106
4/29/2020,14,Murcia,106
4/30/2020,14,Murcia,108
5/1/2020,14,Murcia,109
5/2/2020,14,Murcia,110
5/3/2020,14,Murcia,110
5/4/2020,14,Murcia,110
5/5/2020,14,Murcia,111
5/6/2020,14,Murcia,111
5/7/2020,14,Murcia,111
5/8/2020,14,Murcia,113
5/9/2020,14,Murcia,113
5/10/2020,14,Murcia,113
5/11/2020,14,Murcia,113
5/12/2020,14,Murcia,112
5/13/2020,14,Murcia,112
5/14/2020,14,Murcia,112
5/15/2020,14,Murcia,112
5/16/2020,14,Murcia,112
5/17/2020,14,Murcia,112
2/21/2020,15,Navarra,
2/22/2020,15,Navarra,
2/23/2020,15,Navarra,
2/24/2020,15,Navarra,
2/25/2020,15,Navarra,
2/26/2020,15,Navarra,
2/27/2020,15,Navarra,
2/28/2020,15,Navarra,
2/29/2020,15,Navarra,
3/1/2020,15,Navarra,
3/2/2020,15,Navarra,
3/3/2020,15,Navarra,
3/4/2020,15,Navarra,
3/5/2020,15,Navarra,
3/6/2020,15,Navarra,
3/7/2020,15,Navarra,
3/8/2020,15,Navarra,
3/9/2020,15,Navarra,1
3/10/2020,15,Navarra,2
3/11/2020,15,Navarra,3
3/12/2020,15,Navarra,3
3/13/2020,15,Navarra,4
3/14/2020,15,Navarra,4
3/15/2020,15,Navarra,4
3/16/2020,15,Navarra,5
3/17/2020,15,Navarra,10
3/18/2020,15,Navarra,10
3/19/2020,15,Navarra,11
3/20/2020,15,Navarra,19
3/21/2020,15,Navarra,25
3/22/2020,15,Navarra,30
3/23/2020,15,Navarra,40
3/24/2020,15,Navarra,45
3/25/2020,15,Navarra,51
3/26/2020,15,Navarra,54
3/27/2020,15,Navarra,75
3/28/2020,15,Navarra,84
3/29/2020,15,Navarra,90
3/30/2020,15,Navarra,96
3/31/2020,15,Navarra,99
4/1/2020,15,Navarra,104
4/2/2020,15,Navarra,108
4/3/2020,15,Navarra,119
4/4/2020,15,Navarra,120
4/5/2020,15,Navarra,123
4/6/2020,15,Navarra,124
4/7/2020,15,Navarra,124
4/8/2020,15,Navarra,124
4/9/2020,15,Navarra,124
4/10/2020,15,Navarra,124
4/11/2020,15,Navarra,124
4/12/2020,15,Navarra,124
4/13/2020,15,Navarra,124
4/14/2020,15,Navarra,124
4/15/2020,15,Navarra,124
4/16/2020,15,Navarra,124
4/17/2020,15,Navarra,124
4/18/2020,15,Navarra,127
4/19/2020,15,Navarra,127
4/20/2020,15,Navarra,128
4/21/2020,15,Navarra,128
4/22/2020,15,Navarra,128
4/23/2020,15,Navarra,129
4/24/2020,15,Navarra,129
4/25/2020,15,Navarra,129
4/26/2020,15,Navarra,129
4/27/2020,15,Navarra,130
4/28/2020,15,Navarra,130
4/29/2020,15,Navarra,130
4/30/2020,15,Navarra,132
5/1/2020,15,Navarra,132
5/2/2020,15,Navarra,132
5/3/2020,15,Navarra,133
5/4/2020,15,Navarra,133
5/5/2020,15,Navarra,134
5/6/2020,15,Navarra,135
5/7/2020,15,Navarra,135
5/8/2020,15,Navarra,135
5/9/2020,15,Navarra,135
5/10/2020,15,Navarra,135
5/11/2020,15,Navarra,135
5/12/2020,15,Navarra,135
5/13/2020,15,Navarra,135
5/14/2020,15,Navarra,135
5/15/2020,15,Navarra,136
5/16/2020,15,Navarra,136
5/17/2020,15,Navarra,136
2/21/2020,16,País Vasco,
2/22/2020,16,País Vasco,
2/23/2020,16,País Vasco,
2/24/2020,16,País Vasco,
2/25/2020,16,País Vasco,
2/26/2020,16,País Vasco,
2/27/2020,16,País Vasco,
2/28/2020,16,País Vasco,
2/29/2020,16,País Vasco,
3/1/2020,16,País Vasco,
3/2/2020,16,País Vasco,
3/3/2020,16,País Vasco,
3/4/2020,16,País Vasco,
3/5/2020,16,País Vasco,
3/6/2020,16,País Vasco,
3/7/2020,16,País Vasco,
3/8/2020,16,País Vasco,
3/9/2020,16,País Vasco,5
3/10/2020,16,País Vasco,5
3/11/2020,16,País Vasco,15
3/12/2020,16,País Vasco,18
3/13/2020,16,País Vasco,20
3/14/2020,16,País Vasco,22
3/15/2020,16,País Vasco,29
3/16/2020,16,País Vasco,29
3/17/2020,16,País Vasco,33
3/18/2020,16,País Vasco,37
3/19/2020,16,País Vasco,44
3/20/2020,16,País Vasco,53
3/21/2020,16,País Vasco,71
3/22/2020,16,País Vasco,81
3/23/2020,16,País Vasco,92
3/24/2020,16,País Vasco,106
3/25/2020,16,País Vasco,119
3/26/2020,16,País Vasco,137
3/27/2020,16,País Vasco,154
3/28/2020,16,País Vasco,176
3/29/2020,16,País Vasco,271
3/30/2020,16,País Vasco,293
3/31/2020,16,País Vasco,307
4/1/2020,16,País Vasco,324
4/2/2020,16,País Vasco,344
4/3/2020,16,País Vasco,363
4/4/2020,16,País Vasco,377
4/5/2020,16,País Vasco,404
4/6/2020,16,País Vasco,410
4/7/2020,16,País Vasco,417
4/8/2020,16,País Vasco,430
4/9/2020,16,País Vasco,433
4/10/2020,16,País Vasco,442
4/11/2020,16,País Vasco,453
4/12/2020,16,País Vasco,459
4/13/2020,16,País Vasco,464
4/14/2020,16,País Vasco,470
4/15/2020,16,País Vasco,471
4/16/2020,16,País Vasco,478
4/17/2020,16,País Vasco,484
4/18/2020,16,País Vasco,490
4/19/2020,16,País Vasco,499
4/20/2020,16,País Vasco,501
4/21/2020,16,País Vasco,507
4/22/2020,16,País Vasco,513
4/23/2020,16,País Vasco,516
4/24/2020,16,País Vasco,518
4/25/2020,16,País Vasco,525
4/26/2020,16,País Vasco,533
4/27/2020,16,País Vasco,538
4/28/2020,16,País Vasco,539
4/29/2020,16,País Vasco,540
4/30/2020,16,País Vasco,541
5/1/2020,16,País Vasco,544
5/2/2020,16,País Vasco,551
5/3/2020,16,País Vasco,553
5/4/2020,16,País Vasco,554
5/5/2020,16,País Vasco,556
5/6/2020,16,País Vasco,559
5/7/2020,16,País Vasco,561
5/8/2020,16,País Vasco,566
5/9/2020,16,País Vasco,568
5/10/2020,16,País Vasco,571
5/11/2020,16,País Vasco,573
5/12/2020,16,País Vasco,574
5/13/2020,16,País Vasco,575
5/14/2020,16,País Vasco,577
5/15/2020,16,País Vasco,578
5/16/2020,16,País Vasco,578
5/17/2020,16,País Vasco,578
2/21/2020,17,La Rioja,
2/22/2020,17,La Rioja,
2/23/2020,17,La Rioja,
2/24/2020,17,La Rioja,
2/25/2020,17,La Rioja,
2/26/2020,17,La Rioja,
2/27/2020,17,La Rioja,
2/28/2020,17,La Rioja,
2/29/2020,17,La Rioja,
3/1/2020,17,La Rioja,
3/2/2020,17,La Rioja,
3/3/2020,17,La Rioja,
3/4/2020,17,La Rioja,
3/5/2020,17,La Rioja,
3/6/2020,17,La Rioja,
3/7/2020,17,La Rioja,
3/8/2020,17,La Rioja,
3/9/2020,17,La Rioja,1
3/10/2020,17,La Rioja,1
3/11/2020,17,La Rioja,1
3/12/2020,17,La Rioja,1
3/13/2020,17,La Rioja,2
3/14/2020,17,La Rioja,2
3/15/2020,17,La Rioja,7
3/16/2020,17,La Rioja,13
3/17/2020,17,La Rioja,13
3/18/2020,17,La Rioja,13
3/19/2020,17,La Rioja,15
3/20/2020,17,La Rioja,15
3/21/2020,17,La Rioja,17
3/22/2020,17,La Rioja,17
3/23/2020,17,La Rioja,22
3/24/2020,17,La Rioja,24
3/25/2020,17,La Rioja,33
3/26/2020,17,La Rioja,36
3/27/2020,17,La Rioja,43
3/28/2020,17,La Rioja,43
3/29/2020,17,La Rioja,43
3/30/2020,17,La Rioja,43
3/31/2020,17,La Rioja,51
4/1/2020,17,La Rioja,54
4/2/2020,17,La Rioja,57
4/3/2020,17,La Rioja,64
4/4/2020,17,La Rioja,64
4/5/2020,17,La Rioja,66
4/6/2020,17,La Rioja,66
4/7/2020,17,La Rioja,66
4/8/2020,17,La Rioja,68
4/9/2020,17,La Rioja,69
4/10/2020,17,La Rioja,71
4/11/2020,17,La Rioja,73
4/12/2020,17,La Rioja,73
4/13/2020,17,La Rioja,73
4/14/2020,17,La Rioja,74
4/15/2020,17,La Rioja,75
4/16/2020,17,La Rioja,75
4/17/2020,17,La Rioja,76
4/18/2020,17,La Rioja,78
4/19/2020,17,La Rioja,79
4/20/2020,17,La Rioja,79
4/21/2020,17,La Rioja,81
4/22/2020,17,La Rioja,81
4/23/2020,17,La Rioja,82
4/24/2020,17,La Rioja,82
4/25/2020,17,La Rioja,83
4/26/2020,17,La Rioja,84
4/27/2020,17,La Rioja,85
4/28/2020,17,La Rioja,87
4/29/2020,17,La Rioja,87
4/30/2020,17,La Rioja,88
5/1/2020,17,La Rioja,88
5/2/2020,17,La Rioja,88
5/3/2020,17,La Rioja,88
5/4/2020,17,La Rioja,88
5/5/2020,17,La Rioja,90
5/6/2020,17,La Rioja,91
5/7/2020,17,La Rioja,91
5/8/2020,17,La Rioja,91
5/9/2020,17,La Rioja,91
5/10/2020,17,La Rioja,91
5/11/2020,17,La Rioja,91
5/12/2020,17,La Rioja,91
5/13/2020,17,La Rioja,91
5/14/2020,17,La Rioja,91
5/15/2020,17,La Rioja,91
5/16/2020,17,La Rioja,91
5/17/2020,17,La Rioja,91
