fecha,cod_ine,CCAA,hospitalized
2/21/2020,1,Andalucía,
2/22/2020,1,Andalucía,
2/23/2020,1,Andalucía,
2/24/2020,1,Andalucía,
2/25/2020,1,Andalucía,
2/26/2020,1,Andalucía,
2/27/2020,1,Andalucía,
2/28/2020,1,Andalucía,
2/29/2020,1,Andalucía,
3/1/2020,1,Andalucía,
3/2/2020,1,Andalucía,
3/3/2020,1,Andalucía,
3/4/2020,1,Andalucía,
3/5/2020,1,Andalucía,
3/6/2020,1,Andalucía,
3/7/2020,1,Andalucía,
3/8/2020,1,Andalucía,
3/9/2020,1,Andalucía,
3/10/2020,1,Andalucía,
3/11/2020,1,Andalucía,32
3/12/2020,1,Andalucía,50
3/13/2020,1,Andalucía,92
3/14/2020,1,Andalucía,92
3/15/2020,1,Andalucía,92
3/16/2020,1,Andalucía,197
3/17/2020,1,Andalucía,229
3/18/2020,1,Andalucía,319
3/19/2020,1,Andalucía,384
3/20/2020,1,Andalucía,501
3/21/2020,1,Andalucía,605
3/22/2020,1,Andalucía,724
3/23/2020,1,Andalucía,865
3/24/2020,1,Andalucía,1132
3/25/2020,1,Andalucía,1433
3/26/2020,1,Andalucía,1626
3/27/2020,1,Andalucía,1843
3/28/2020,1,Andalucía,2106
3/29/2020,1,Andalucía,2294
3/30/2020,1,Andalucía,2671
3/31/2020,1,Andalucía,2867
4/1/2020,1,Andalucía,3147
4/2/2020,1,Andalucía,3444
4/3/2020,1,Andalucía,3673
4/4/2020,1,Andalucía,3896
4/5/2020,1,Andalucía,4107
4/6/2020,1,Andalucía,4227
4/7/2020,1,Andalucía,4335
4/8/2020,1,Andalucía,4463
4/9/2020,1,Andalucía,4599
4/10/2020,1,Andalucía,4715
4/11/2020,1,Andalucía,4808
4/12/2020,1,Andalucía,4950
4/13/2020,1,Andalucía,4993
4/14/2020,1,Andalucía,5054
4/15/2020,1,Andalucía,5147
4/16/2020,1,Andalucía,5226
4/17/2020,1,Andalucía,5298
4/18/2020,1,Andalucía,5341
4/19/2020,1,Andalucía,5424
4/20/2020,1,Andalucía,5473
4/21/2020,1,Andalucía,5509
4/22/2020,1,Andalucía,5565
4/23/2020,1,Andalucía,5616
4/24/2020,1,Andalucía,5675
4/25/2020,1,Andalucía,5715
4/26/2020,1,Andalucía,5747
4/27/2020,1,Andalucía,5767
4/28/2020,1,Andalucía,5792
4/29/2020,1,Andalucía,5831
4/30/2020,1,Andalucía,5873
5/1/2020,1,Andalucía,5935
5/2/2020,1,Andalucía,5961
5/3/2020,1,Andalucía,5961
5/4/2020,1,Andalucía,5973
5/5/2020,1,Andalucía,5983
5/6/2020,1,Andalucía,6012
5/7/2020,1,Andalucía,6027
5/8/2020,1,Andalucía,6038
5/9/2020,1,Andalucía,6069
5/10/2020,1,Andalucía,6080
5/11/2020,1,Andalucía,6092
5/12/2020,1,Andalucía,6101
5/13/2020,1,Andalucía,6114
5/14/2020,1,Andalucía,6128
5/15/2020,1,Andalucía,6146
5/16/2020,1,Andalucía,6161
5/17/2020,1,Andalucía,6174
2/21/2020,2,Aragón,
2/22/2020,2,Aragón,
2/23/2020,2,Aragón,
2/24/2020,2,Aragón,
2/25/2020,2,Aragón,
2/26/2020,2,Aragón,
2/27/2020,2,Aragón,
2/28/2020,2,Aragón,
2/29/2020,2,Aragón,
3/1/2020,2,Aragón,
3/2/2020,2,Aragón,
3/3/2020,2,Aragón,
3/4/2020,2,Aragón,
3/5/2020,2,Aragón,
3/6/2020,2,Aragón,
3/7/2020,2,Aragón,
3/8/2020,2,Aragón,
3/9/2020,2,Aragón,
3/10/2020,2,Aragón,
3/11/2020,2,Aragón,22
3/12/2020,2,Aragón,28
3/13/2020,2,Aragón,30
3/14/2020,2,Aragón,42
3/15/2020,2,Aragón,59
3/16/2020,2,Aragón,64
3/17/2020,2,Aragón,74
3/18/2020,2,Aragón,81
3/19/2020,2,Aragón,101
3/20/2020,2,Aragón,127
3/21/2020,2,Aragón,192
3/22/2020,2,Aragón,241
3/23/2020,2,Aragón,298
3/24/2020,2,Aragón,384
3/25/2020,2,Aragón,459
3/26/2020,2,Aragón,562
3/27/2020,2,Aragón,693
3/28/2020,2,Aragón,835
3/29/2020,2,Aragón,835
3/30/2020,2,Aragón,1094
3/31/2020,2,Aragón,1176
4/1/2020,2,Aragón,1234
4/2/2020,2,Aragón,1320
4/3/2020,2,Aragón,1431
4/4/2020,2,Aragón,1505
4/5/2020,2,Aragón,1588
4/6/2020,2,Aragón,1637
4/7/2020,2,Aragón,1663
4/8/2020,2,Aragón,1716
4/9/2020,2,Aragón,1765
4/10/2020,2,Aragón,1822
4/11/2020,2,Aragón,1860
4/12/2020,2,Aragón,1901
4/13/2020,2,Aragón,1938
4/14/2020,2,Aragón,1966
4/15/2020,2,Aragón,2006
4/16/2020,2,Aragón,2108
4/17/2020,2,Aragón,2151
4/18/2020,2,Aragón,2180
4/19/2020,2,Aragón,2216
4/20/2020,2,Aragón,2244
4/21/2020,2,Aragón,2271
4/22/2020,2,Aragón,2304
4/23/2020,2,Aragón,2340
4/24/2020,2,Aragón,2359
4/25/2020,2,Aragón,2372
4/26/2020,2,Aragón,2395
4/27/2020,2,Aragón,2403
4/28/2020,2,Aragón,2425
4/29/2020,2,Aragón,2454
4/30/2020,2,Aragón,2477
5/1/2020,2,Aragón,2494
5/2/2020,2,Aragón,2503
5/3/2020,2,Aragón,2519
5/4/2020,2,Aragón,2526
5/5/2020,2,Aragón,2539
5/6/2020,2,Aragón,2552
5/7/2020,2,Aragón,2564
5/8/2020,2,Aragón,2578
5/9/2020,2,Aragón,2583
5/10/2020,2,Aragón,2588
5/11/2020,2,Aragón,2595
5/12/2020,2,Aragón,2606
5/13/2020,2,Aragón,2614
5/14/2020,2,Aragón,2625
5/15/2020,2,Aragón,2637
5/16/2020,2,Aragón,2648
5/17/2020,2,Aragón,2655
2/21/2020,3,Asturias,
2/22/2020,3,Asturias,
2/23/2020,3,Asturias,
2/24/2020,3,Asturias,
2/25/2020,3,Asturias,
2/26/2020,3,Asturias,
2/27/2020,3,Asturias,
2/28/2020,3,Asturias,
2/29/2020,3,Asturias,
3/1/2020,3,Asturias,
3/2/2020,3,Asturias,
3/3/2020,3,Asturias,
3/4/2020,3,Asturias,
3/5/2020,3,Asturias,
3/6/2020,3,Asturias,
3/7/2020,3,Asturias,
3/8/2020,3,Asturias,
3/9/2020,3,Asturias,
3/10/2020,3,Asturias,
3/11/2020,3,Asturias,12
3/12/2020,3,Asturias,12
3/13/2020,3,Asturias,16
3/14/2020,3,Asturias,16
3/15/2020,3,Asturias,16
3/16/2020,3,Asturias,16
3/17/2020,3,Asturias,34
3/18/2020,3,Asturias,45
3/19/2020,3,Asturias,61
3/20/2020,3,Asturias,87
3/21/2020,3,Asturias,133
3/22/2020,3,Asturias,171
3/23/2020,3,Asturias,194
3/24/2020,3,Asturias,224
3/25/2020,3,Asturias,263
3/26/2020,3,Asturias,300
3/27/2020,3,Asturias,339
3/28/2020,3,Asturias,408
3/29/2020,3,Asturias,466
3/30/2020,3,Asturias,479
3/31/2020,3,Asturias,529
4/1/2020,3,Asturias,590
4/2/2020,3,Asturias,640
4/3/2020,3,Asturias,702
4/4/2020,3,Asturias,766
4/5/2020,3,Asturias,808
4/6/2020,3,Asturias,846
4/7/2020,3,Asturias,889
4/8/2020,3,Asturias,958
4/9/2020,3,Asturias,1018
4/10/2020,3,Asturias,1083
4/11/2020,3,Asturias,1147
4/12/2020,3,Asturias,1208
4/13/2020,3,Asturias,1265
4/14/2020,3,Asturias,1330
4/15/2020,3,Asturias,1387
4/16/2020,3,Asturias,1432
4/17/2020,3,Asturias,1474
4/18/2020,3,Asturias,1520
4/19/2020,3,Asturias,1571
4/20/2020,3,Asturias,1599
4/21/2020,3,Asturias,1626
4/22/2020,3,Asturias,1665
4/23/2020,3,Asturias,1705
4/24/2020,3,Asturias,1728
4/25/2020,3,Asturias,1760
4/26/2020,3,Asturias,1790
4/27/2020,3,Asturias,1814
4/28/2020,3,Asturias,1843
4/29/2020,3,Asturias,1886
4/30/2020,3,Asturias,1915
5/1/2020,3,Asturias,1938
5/2/2020,3,Asturias,1974
5/3/2020,3,Asturias,1995
5/4/2020,3,Asturias,2014
5/5/2020,3,Asturias,2046
5/6/2020,3,Asturias,2081
5/7/2020,3,Asturias,2117
5/8/2020,3,Asturias,2141
5/9/2020,3,Asturias,2166
5/10/2020,3,Asturias,2185
5/11/2020,3,Asturias,2197
5/12/2020,3,Asturias,2212
5/13/2020,3,Asturias,2239
5/14/2020,3,Asturias,2252
5/15/2020,3,Asturias,2268
5/16/2020,3,Asturias,2290
5/17/2020,3,Asturias,2311
2/21/2020,4,Baleares,
2/22/2020,4,Baleares,
2/23/2020,4,Baleares,
2/24/2020,4,Baleares,
2/25/2020,4,Baleares,
2/26/2020,4,Baleares,
2/27/2020,4,Baleares,
2/28/2020,4,Baleares,
2/29/2020,4,Baleares,
3/1/2020,4,Baleares,
3/2/2020,4,Baleares,
3/3/2020,4,Baleares,
3/4/2020,4,Baleares,
3/5/2020,4,Baleares,
3/6/2020,4,Baleares,
3/7/2020,4,Baleares,
3/8/2020,4,Baleares,
3/9/2020,4,Baleares,
3/10/2020,4,Baleares,
3/11/2020,4,Baleares,8
3/12/2020,4,Baleares,8
3/13/2020,4,Baleares,9
3/14/2020,4,Baleares,9
3/15/2020,4,Baleares,9
3/16/2020,4,Baleares,21
3/17/2020,4,Baleares,26
3/18/2020,4,Baleares,29
3/19/2020,4,Baleares,31
3/20/2020,4,Baleares,48
3/21/2020,4,Baleares,60
3/22/2020,4,Baleares,79
3/23/2020,4,Baleares,87
3/24/2020,4,Baleares,127
3/25/2020,4,Baleares,164
3/26/2020,4,Baleares,205
3/27/2020,4,Baleares,237
3/28/2020,4,Baleares,283
3/29/2020,4,Baleares,345
3/30/2020,4,Baleares,353
3/31/2020,4,Baleares,399
4/1/2020,4,Baleares,467
4/2/2020,4,Baleares,516
4/3/2020,4,Baleares,586
4/4/2020,4,Baleares,633
4/5/2020,4,Baleares,663
4/6/2020,4,Baleares,682
4/7/2020,4,Baleares,704
4/8/2020,4,Baleares,730
4/9/2020,4,Baleares,750
4/10/2020,4,Baleares,776
4/11/2020,4,Baleares,777
4/12/2020,4,Baleares,804
4/13/2020,4,Baleares,810
4/14/2020,4,Baleares,825
4/15/2020,4,Baleares,856
4/16/2020,4,Baleares,871
4/17/2020,4,Baleares,904
4/18/2020,4,Baleares,936
4/19/2020,4,Baleares,954
4/20/2020,4,Baleares,962
4/21/2020,4,Baleares,985
4/22/2020,4,Baleares,1004
4/23/2020,4,Baleares,1021
4/24/2020,4,Baleares,1039
4/25/2020,4,Baleares,1057
4/26/2020,4,Baleares,1061
4/27/2020,4,Baleares,1061
4/28/2020,4,Baleares,1073
4/29/2020,4,Baleares,1078
4/30/2020,4,Baleares,1081
5/1/2020,4,Baleares,1089
5/2/2020,4,Baleares,1093
5/3/2020,4,Baleares,1098
5/4/2020,4,Baleares,1101
5/5/2020,4,Baleares,1109
5/6/2020,4,Baleares,1121
5/7/2020,4,Baleares,1125
5/8/2020,4,Baleares,1125
5/9/2020,4,Baleares,1125
5/10/2020,4,Baleares,1125
5/11/2020,4,Baleares,1125
5/12/2020,4,Baleares,1126
5/13/2020,4,Baleares,1131
5/14/2020,4,Baleares,1131
5/15/2020,4,Baleares,1134
5/16/2020,4,Baleares,1134
5/17/2020,4,Baleares,1136
2/21/2020,5,Canarias,
2/22/2020,5,Canarias,
2/23/2020,5,Canarias,
2/24/2020,5,Canarias,
2/25/2020,5,Canarias,
2/26/2020,5,Canarias,
2/27/2020,5,Canarias,
2/28/2020,5,Canarias,
2/29/2020,5,Canarias,
3/1/2020,5,Canarias,
3/2/2020,5,Canarias,
3/3/2020,5,Canarias,
3/4/2020,5,Canarias,
3/5/2020,5,Canarias,
3/6/2020,5,Canarias,
3/7/2020,5,Canarias,
3/8/2020,5,Canarias,
3/9/2020,5,Canarias,
3/10/2020,5,Canarias,
3/11/2020,5,Canarias,10
3/12/2020,5,Canarias,15
3/13/2020,5,Canarias,15
3/14/2020,5,Canarias,15
3/15/2020,5,Canarias,15
3/16/2020,5,Canarias,40
3/17/2020,5,Canarias,56
3/18/2020,5,Canarias,73
3/19/2020,5,Canarias,82
3/20/2020,5,Canarias,115
3/21/2020,5,Canarias,139
3/22/2020,5,Canarias,150
3/23/2020,5,Canarias,172
3/24/2020,5,Canarias,207
3/25/2020,5,Canarias,235
3/26/2020,5,Canarias,279
3/27/2020,5,Canarias,328
3/28/2020,5,Canarias,377
3/29/2020,5,Canarias,425
3/30/2020,5,Canarias,444
3/31/2020,5,Canarias,483
4/1/2020,5,Canarias,532
4/2/2020,5,Canarias,566
4/3/2020,5,Canarias,605
4/4/2020,5,Canarias,632
4/5/2020,5,Canarias,644
4/6/2020,5,Canarias,651
4/7/2020,5,Canarias,689
4/8/2020,5,Canarias,703
4/9/2020,5,Canarias,730
4/10/2020,5,Canarias,738
4/11/2020,5,Canarias,745
4/12/2020,5,Canarias,758
4/13/2020,5,Canarias,763
4/14/2020,5,Canarias,771
4/15/2020,5,Canarias,781
4/16/2020,5,Canarias,802
4/17/2020,5,Canarias,811
4/18/2020,5,Canarias,822
4/19/2020,5,Canarias,825
4/20/2020,5,Canarias,826
4/21/2020,5,Canarias,837
4/22/2020,5,Canarias,841
4/23/2020,5,Canarias,855
4/24/2020,5,Canarias,868
4/25/2020,5,Canarias,878
4/26/2020,5,Canarias,880
4/27/2020,5,Canarias,881
4/28/2020,5,Canarias,900
4/29/2020,5,Canarias,906
4/30/2020,5,Canarias,909
5/1/2020,5,Canarias,914
5/2/2020,5,Canarias,918
5/3/2020,5,Canarias,919
5/4/2020,5,Canarias,919
5/5/2020,5,Canarias,920
5/6/2020,5,Canarias,920
5/7/2020,5,Canarias,921
5/8/2020,5,Canarias,927
5/9/2020,5,Canarias,935
5/10/2020,5,Canarias,935
5/11/2020,5,Canarias,936
5/12/2020,5,Canarias,937
5/13/2020,5,Canarias,937
5/14/2020,5,Canarias,937
5/15/2020,5,Canarias,938
5/16/2020,5,Canarias,939
5/17/2020,5,Canarias,939
2/21/2020,6,Cantabria,
2/22/2020,6,Cantabria,
2/23/2020,6,Cantabria,
2/24/2020,6,Cantabria,
2/25/2020,6,Cantabria,
2/26/2020,6,Cantabria,
2/27/2020,6,Cantabria,
2/28/2020,6,Cantabria,
2/29/2020,6,Cantabria,
3/1/2020,6,Cantabria,
3/2/2020,6,Cantabria,
3/3/2020,6,Cantabria,
3/4/2020,6,Cantabria,
3/5/2020,6,Cantabria,
3/6/2020,6,Cantabria,
3/7/2020,6,Cantabria,
3/8/2020,6,Cantabria,
3/9/2020,6,Cantabria,
3/10/2020,6,Cantabria,
3/11/2020,6,Cantabria,0
3/12/2020,6,Cantabria,3
3/13/2020,6,Cantabria,3
3/14/2020,6,Cantabria,3
3/15/2020,6,Cantabria,3
3/16/2020,6,Cantabria,18
3/17/2020,6,Cantabria,18
3/18/2020,6,Cantabria,25
3/19/2020,6,Cantabria,40
3/20/2020,6,Cantabria,61
3/21/2020,6,Cantabria,92
3/22/2020,6,Cantabria,116
3/23/2020,6,Cantabria,157
3/24/2020,6,Cantabria,200
3/25/2020,6,Cantabria,241
3/26/2020,6,Cantabria,300
3/27/2020,6,Cantabria,355
3/28/2020,6,Cantabria,406
3/29/2020,6,Cantabria,449
3/30/2020,6,Cantabria,481
3/31/2020,6,Cantabria,522
4/1/2020,6,Cantabria,543
4/2/2020,6,Cantabria,567
4/3/2020,6,Cantabria,592
4/4/2020,6,Cantabria,619
4/5/2020,6,Cantabria,639
4/6/2020,6,Cantabria,658
4/7/2020,6,Cantabria,677
4/8/2020,6,Cantabria,700
4/9/2020,6,Cantabria,720
4/10/2020,6,Cantabria,747
4/11/2020,6,Cantabria,773
4/12/2020,6,Cantabria,805
4/13/2020,6,Cantabria,827
4/14/2020,6,Cantabria,853
4/15/2020,6,Cantabria,873
4/16/2020,6,Cantabria,890
4/17/2020,6,Cantabria,903
4/18/2020,6,Cantabria,911
4/19/2020,6,Cantabria,924
4/20/2020,6,Cantabria,934
4/21/2020,6,Cantabria,948
4/22/2020,6,Cantabria,956
4/23/2020,6,Cantabria,965
4/24/2020,6,Cantabria,978
4/25/2020,6,Cantabria,982
4/26/2020,6,Cantabria,991
4/27/2020,6,Cantabria,995
4/28/2020,6,Cantabria,1000
4/29/2020,6,Cantabria,1006
4/30/2020,6,Cantabria,1007
5/1/2020,6,Cantabria,1009
5/2/2020,6,Cantabria,1009
5/3/2020,6,Cantabria,1010
5/4/2020,6,Cantabria,1011
5/5/2020,6,Cantabria,1015
5/6/2020,6,Cantabria,1018
5/7/2020,6,Cantabria,1020
5/8/2020,6,Cantabria,1022
5/9/2020,6,Cantabria,1023
5/10/2020,6,Cantabria,1027
5/11/2020,6,Cantabria,1027
5/12/2020,6,Cantabria,1027
5/13/2020,6,Cantabria,1029
5/14/2020,6,Cantabria,1030
5/15/2020,6,Cantabria,1031
5/16/2020,6,Cantabria,1032
5/17/2020,6,Cantabria,1033
2/21/2020,8,Castilla La Mancha,
2/22/2020,8,Castilla La Mancha,
2/23/2020,8,Castilla La Mancha,
2/24/2020,8,Castilla La Mancha,
2/25/2020,8,Castilla La Mancha,
2/26/2020,8,Castilla La Mancha,
2/27/2020,8,Castilla La Mancha,
2/28/2020,8,Castilla La Mancha,
2/29/2020,8,Castilla La Mancha,
3/1/2020,8,Castilla La Mancha,
3/2/2020,8,Castilla La Mancha,
3/3/2020,8,Castilla La Mancha,
3/4/2020,8,Castilla La Mancha,
3/5/2020,8,Castilla La Mancha,
3/6/2020,8,Castilla La Mancha,
3/7/2020,8,Castilla La Mancha,
3/8/2020,8,Castilla La Mancha,
3/9/2020,8,Castilla La Mancha,
3/10/2020,8,Castilla La Mancha,
3/11/2020,8,Castilla La Mancha,0
3/12/2020,8,Castilla La Mancha,39
3/13/2020,8,Castilla La Mancha,78
3/14/2020,8,Castilla La Mancha,78
3/15/2020,8,Castilla La Mancha,78
3/16/2020,8,Castilla La Mancha,207
3/17/2020,8,Castilla La Mancha,207
3/18/2020,8,Castilla La Mancha,277
3/19/2020,8,Castilla La Mancha,313
3/20/2020,8,Castilla La Mancha,313
3/21/2020,8,Castilla La Mancha,635
3/22/2020,8,Castilla La Mancha,838
3/23/2020,8,Castilla La Mancha,1547
3/24/2020,8,Castilla La Mancha,1826
3/25/2020,8,Castilla La Mancha,2162
3/26/2020,8,Castilla La Mancha,2162
3/27/2020,8,Castilla La Mancha,2707
3/28/2020,8,Castilla La Mancha,2977
3/29/2020,8,Castilla La Mancha,3018
3/30/2020,8,Castilla La Mancha,3134
3/31/2020,8,Castilla La Mancha,3225
4/1/2020,8,Castilla La Mancha,3230
4/2/2020,8,Castilla La Mancha,3230
4/3/2020,8,Castilla La Mancha,3168
4/4/2020,8,Castilla La Mancha,3133
4/5/2020,8,Castilla La Mancha,2950
4/6/2020,8,Castilla La Mancha,2901
4/7/2020,8,Castilla La Mancha,2908
4/8/2020,8,Castilla La Mancha,2731
4/9/2020,8,Castilla La Mancha,2575
4/10/2020,8,Castilla La Mancha,2359
4/11/2020,8,Castilla La Mancha,2198
4/12/2020,8,Castilla La Mancha,6838
4/13/2020,8,Castilla La Mancha,7782
4/14/2020,8,Castilla La Mancha,7830
4/15/2020,8,Castilla La Mancha,7896
4/16/2020,8,Castilla La Mancha,7987
4/17/2020,8,Castilla La Mancha,8018
4/18/2020,8,Castilla La Mancha,8093
4/19/2020,8,Castilla La Mancha,8137
4/20/2020,8,Castilla La Mancha,8173
4/21/2020,8,Castilla La Mancha,8199
4/22/2020,8,Castilla La Mancha,8243
4/23/2020,8,Castilla La Mancha,8304
4/24/2020,8,Castilla La Mancha,8342
4/25/2020,8,Castilla La Mancha,8385
4/26/2020,8,Castilla La Mancha,8417
4/27/2020,8,Castilla La Mancha,8444
4/28/2020,8,Castilla La Mancha,8464
4/29/2020,8,Castilla La Mancha,8523
4/30/2020,8,Castilla La Mancha,8567
5/1/2020,8,Castilla La Mancha,8618
5/2/2020,8,Castilla La Mancha,8645
5/3/2020,8,Castilla La Mancha,8676
5/4/2020,8,Castilla La Mancha,8698
5/5/2020,8,Castilla La Mancha,8725
5/6/2020,8,Castilla La Mancha,8765
5/7/2020,8,Castilla La Mancha,8796
5/8/2020,8,Castilla La Mancha,8828
5/9/2020,8,Castilla La Mancha,8867
5/10/2020,8,Castilla La Mancha,8895
5/11/2020,8,Castilla La Mancha,8918
5/12/2020,8,Castilla La Mancha,8940
5/13/2020,8,Castilla La Mancha,8963
5/14/2020,8,Castilla La Mancha,8980
5/15/2020,8,Castilla La Mancha,9001
5/16/2020,8,Castilla La Mancha,9027
5/17/2020,8,Castilla La Mancha,9054
2/21/2020,7,Castilla y León,
2/22/2020,7,Castilla y León,
2/23/2020,7,Castilla y León,
2/24/2020,7,Castilla y León,
2/25/2020,7,Castilla y León,
2/26/2020,7,Castilla y León,
2/27/2020,7,Castilla y León,
2/28/2020,7,Castilla y León,
2/29/2020,7,Castilla y León,
3/1/2020,7,Castilla y León,
3/2/2020,7,Castilla y León,
3/3/2020,7,Castilla y León,
3/4/2020,7,Castilla y León,
3/5/2020,7,Castilla y León,
3/6/2020,7,Castilla y León,
3/7/2020,7,Castilla y León,
3/8/2020,7,Castilla y León,
3/9/2020,7,Castilla y León,
3/10/2020,7,Castilla y León,
3/11/2020,7,Castilla y León,24
3/12/2020,7,Castilla y León,25
3/13/2020,7,Castilla y León,25
3/14/2020,7,Castilla y León,25
3/15/2020,7,Castilla y León,45
3/16/2020,7,Castilla y León,95
3/17/2020,7,Castilla y León,95
3/18/2020,7,Castilla y León,281
3/19/2020,7,Castilla y León,362
3/20/2020,7,Castilla y León,476
3/21/2020,7,Castilla y León,629
3/22/2020,7,Castilla y León,798
3/23/2020,7,Castilla y León,977
3/24/2020,7,Castilla y León,1197
3/25/2020,7,Castilla y León,1457
3/26/2020,7,Castilla y León,1823
3/27/2020,7,Castilla y León,2214
3/28/2020,7,Castilla y León,2648
3/29/2020,7,Castilla y León,3160
3/30/2020,7,Castilla y León,3411
3/31/2020,7,Castilla y León,3629
4/1/2020,7,Castilla y León,3951
4/2/2020,7,Castilla y León,4207
4/3/2020,7,Castilla y León,4472
4/4/2020,7,Castilla y León,4685
4/5/2020,7,Castilla y León,4905
4/6/2020,7,Castilla y León,5041
4/7/2020,7,Castilla y León,5180
4/8/2020,7,Castilla y León,5322
4/9/2020,7,Castilla y León,5523
4/10/2020,7,Castilla y León,5674
4/11/2020,7,Castilla y León,5817
4/12/2020,7,Castilla y León,5957
4/13/2020,7,Castilla y León,6077
4/14/2020,7,Castilla y León,6175
4/15/2020,7,Castilla y León,6306
4/16/2020,7,Castilla y León,6449
4/17/2020,7,Castilla y León,6518
4/18/2020,7,Castilla y León,6831
4/19/2020,7,Castilla y León,6981
4/20/2020,7,Castilla y León,7080
4/21/2020,7,Castilla y León,7174
4/22/2020,7,Castilla y León,7264
4/23/2020,7,Castilla y León,7397
4/24/2020,7,Castilla y León,7506
4/25/2020,7,Castilla y León,7555
4/26/2020,7,Castilla y León,7653
4/27/2020,7,Castilla y León,7703
4/28/2020,7,Castilla y León,7777
4/29/2020,7,Castilla y León,7854
4/30/2020,7,Castilla y León,7957
5/1/2020,7,Castilla y León,8010
5/2/2020,7,Castilla y León,8054
5/3/2020,7,Castilla y León,8085
5/4/2020,7,Castilla y León,8123
5/5/2020,7,Castilla y León,8153
5/6/2020,7,Castilla y León,8246
5/7/2020,7,Castilla y León,8300
5/8/2020,7,Castilla y León,8357
5/9/2020,7,Castilla y León,8394
5/10/2020,7,Castilla y León,8468
5/11/2020,7,Castilla y León,8482
5/12/2020,7,Castilla y León,8493
5/13/2020,7,Castilla y León,8517
5/14/2020,7,Castilla y León,8560
5/15/2020,7,Castilla y León,8595
5/16/2020,7,Castilla y León,8649
5/17/2020,7,Castilla y León,8690
2/21/2020,9,Cataluña,
2/22/2020,9,Cataluña,
2/23/2020,9,Cataluña,
2/24/2020,9,Cataluña,
2/25/2020,9,Cataluña,
2/26/2020,9,Cataluña,
2/27/2020,9,Cataluña,
2/28/2020,9,Cataluña,
2/29/2020,9,Cataluña,
3/1/2020,9,Cataluña,
3/2/2020,9,Cataluña,
3/3/2020,9,Cataluña,
3/4/2020,9,Cataluña,
3/5/2020,9,Cataluña,
3/6/2020,9,Cataluña,
3/7/2020,9,Cataluña,
3/8/2020,9,Cataluña,
3/9/2020,9,Cataluña,16
3/10/2020,9,Cataluña,31
3/11/2020,9,Cataluña,50
3/12/2020,9,Cataluña,74
3/13/2020,9,Cataluña,137
3/14/2020,9,Cataluña,200
3/15/2020,9,Cataluña,287
3/16/2020,9,Cataluña,375
3/17/2020,9,Cataluña,525
3/18/2020,9,Cataluña,679
3/19/2020,9,Cataluña,825
3/20/2020,9,Cataluña,994
3/21/2020,9,Cataluña,1681
3/22/2020,9,Cataluña,1917
3/23/2020,9,Cataluña,2158
3/24/2020,9,Cataluña,3209
3/25/2020,9,Cataluña,4349
3/26/2020,9,Cataluña,5371
3/27/2020,9,Cataluña,6714
3/28/2020,9,Cataluña,7954
3/29/2020,9,Cataluña,8447
3/30/2020,9,Cataluña,9126
3/31/2020,9,Cataluña,9925
4/1/2020,9,Cataluña,11446
4/2/2020,9,Cataluña,12398
4/3/2020,9,Cataluña,13101
4/4/2020,9,Cataluña,14251
4/5/2020,9,Cataluña,14798
4/6/2020,9,Cataluña,15258
4/7/2020,9,Cataluña,15643
4/8/2020,9,Cataluña,16235
4/9/2020,9,Cataluña,16970
4/10/2020,9,Cataluña,17780
4/11/2020,9,Cataluña,18194
4/12/2020,9,Cataluña,18772
4/13/2020,9,Cataluña,18963
4/14/2020,9,Cataluña,19224
4/15/2020,9,Cataluña,20264
4/16/2020,9,Cataluña,20553
4/17/2020,9,Cataluña,21242
4/18/2020,9,Cataluña,22013
4/19/2020,9,Cataluña,22235
4/20/2020,9,Cataluña,22375
4/21/2020,9,Cataluña,22796
4/22/2020,9,Cataluña,23295
4/23/2020,9,Cataluña,23647
4/24/2020,9,Cataluña,24130
4/25/2020,9,Cataluña,24130
4/26/2020,9,Cataluña,25665
4/27/2020,9,Cataluña,25799
4/28/2020,9,Cataluña,26230
4/29/2020,9,Cataluña,26546
4/30/2020,9,Cataluña,26763
5/1/2020,9,Cataluña,26932
5/2/2020,9,Cataluña,27049
5/3/2020,9,Cataluña,27257
5/4/2020,9,Cataluña,27321
5/5/2020,9,Cataluña,27745
5/6/2020,9,Cataluña,28085
5/7/2020,9,Cataluña,28248
5/8/2020,9,Cataluña,28608
5/9/2020,9,Cataluña,28687
5/10/2020,9,Cataluña,28784
5/11/2020,9,Cataluña,28820
5/12/2020,9,Cataluña,29138
5/13/2020,9,Cataluña,29267
5/14/2020,9,Cataluña,29305
5/15/2020,9,Cataluña,29339
5/16/2020,9,Cataluña,29339
5/17/2020,9,Cataluña,29449
2/21/2020,18,Ceuta,
2/22/2020,18,Ceuta,
2/23/2020,18,Ceuta,
2/24/2020,18,Ceuta,
2/25/2020,18,Ceuta,
2/26/2020,18,Ceuta,
2/27/2020,18,Ceuta,
2/28/2020,18,Ceuta,
2/29/2020,18,Ceuta,
3/1/2020,18,Ceuta,
3/2/2020,18,Ceuta,
3/3/2020,18,Ceuta,
3/4/2020,18,Ceuta,
3/5/2020,18,Ceuta,
3/6/2020,18,Ceuta,
3/7/2020,18,Ceuta,
3/8/2020,18,Ceuta,
3/9/2020,18,Ceuta,
3/10/2020,18,Ceuta,
3/11/2020,18,Ceuta,0
3/12/2020,18,Ceuta,0
3/13/2020,18,Ceuta,0
3/14/2020,18,Ceuta,0
3/15/2020,18,Ceuta,0
3/16/2020,18,Ceuta,0
3/17/2020,18,Ceuta,0
3/18/2020,18,Ceuta,0
3/19/2020,18,Ceuta,0
3/20/2020,18,Ceuta,0
3/21/2020,18,Ceuta,0
3/22/2020,18,Ceuta,0
3/23/2020,18,Ceuta,0
3/24/2020,18,Ceuta,0
3/25/2020,18,Ceuta,2
3/26/2020,18,Ceuta,2
3/27/2020,18,Ceuta,2
3/28/2020,18,Ceuta,2
3/29/2020,18,Ceuta,2
3/30/2020,18,Ceuta,2
3/31/2020,18,Ceuta,3
4/1/2020,18,Ceuta,6
4/2/2020,18,Ceuta,7
4/3/2020,18,Ceuta,8
4/4/2020,18,Ceuta,8
4/5/2020,18,Ceuta,9
4/6/2020,18,Ceuta,9
4/7/2020,18,Ceuta,9
4/8/2020,18,Ceuta,9
4/9/2020,18,Ceuta,9
4/10/2020,18,Ceuta,9
4/11/2020,18,Ceuta,9
4/12/2020,18,Ceuta,9
4/13/2020,18,Ceuta,9
4/14/2020,18,Ceuta,9
4/15/2020,18,Ceuta,9
4/16/2020,18,Ceuta,9
4/17/2020,18,Ceuta,9
4/18/2020,18,Ceuta,9
4/19/2020,18,Ceuta,9
4/20/2020,18,Ceuta,9
4/21/2020,18,Ceuta,9
4/22/2020,18,Ceuta,9
4/23/2020,18,Ceuta,9
4/24/2020,18,Ceuta,10
4/25/2020,18,Ceuta,10
4/26/2020,18,Ceuta,10
4/27/2020,18,Ceuta,10
4/28/2020,18,Ceuta,10
4/29/2020,18,Ceuta,10
4/30/2020,18,Ceuta,10
5/1/2020,18,Ceuta,10
5/2/2020,18,Ceuta,10
5/3/2020,18,Ceuta,10
5/4/2020,18,Ceuta,10
5/5/2020,18,Ceuta,10
5/6/2020,18,Ceuta,10
5/7/2020,18,Ceuta,10
5/8/2020,18,Ceuta,11
5/9/2020,18,Ceuta,11
5/10/2020,18,Ceuta,11
5/11/2020,18,Ceuta,11
5/12/2020,18,Ceuta,11
5/13/2020,18,Ceuta,11
5/14/2020,18,Ceuta,11
5/15/2020,18,Ceuta,11
5/16/2020,18,Ceuta,11
5/17/2020,18,Ceuta,11
2/21/2020,10,C. Valenciana,26
2/22/2020,10,C. Valenciana,30
2/23/2020,10,C. Valenciana,33
2/24/2020,10,C. Valenciana,38
2/25/2020,10,C. Valenciana,49
2/26/2020,10,C. Valenciana,58
2/27/2020,10,C. Valenciana,63
2/28/2020,10,C. Valenciana,73
2/29/2020,10,C. Valenciana,78
3/1/2020,10,C. Valenciana,85
3/2/2020,10,C. Valenciana,88
3/3/2020,10,C. Valenciana,93
3/4/2020,10,C. Valenciana,105
3/5/2020,10,C. Valenciana,117
3/6/2020,10,C. Valenciana,130
3/7/2020,10,C. Valenciana,138
3/8/2020,10,C. Valenciana,146
3/9/2020,10,C. Valenciana,153
3/10/2020,10,C. Valenciana,171
3/11/2020,10,C. Valenciana,200
3/12/2020,10,C. Valenciana,232
3/13/2020,10,C. Valenciana,271
3/14/2020,10,C. Valenciana,307
3/15/2020,10,C. Valenciana,339
3/16/2020,10,C. Valenciana,390
3/17/2020,10,C. Valenciana,456
3/18/2020,10,C. Valenciana,530
3/19/2020,10,C. Valenciana,647
3/20/2020,10,C. Valenciana,777
3/21/2020,10,C. Valenciana,947
3/22/2020,10,C. Valenciana,1136
3/23/2020,10,C. Valenciana,1311
3/24/2020,10,C. Valenciana,1562
3/25/2020,10,C. Valenciana,1842
3/26/2020,10,C. Valenciana,2097
3/27/2020,10,C. Valenciana,2357
3/28/2020,10,C. Valenciana,2606
3/29/2020,10,C. Valenciana,2773
3/30/2020,10,C. Valenciana,2914
3/31/2020,10,C. Valenciana,3111
4/1/2020,10,C. Valenciana,3253
4/2/2020,10,C. Valenciana,3389
4/3/2020,10,C. Valenciana,3492
4/4/2020,10,C. Valenciana,3560
4/5/2020,10,C. Valenciana,3620
4/6/2020,10,C. Valenciana,3668
4/7/2020,10,C. Valenciana,3698
4/8/2020,10,C. Valenciana,3713
4/9/2020,10,C. Valenciana,3815
4/10/2020,10,C. Valenciana,3987
4/11/2020,10,C. Valenciana,4132
4/12/2020,10,C. Valenciana,4149
4/13/2020,10,C. Valenciana,4269
4/14/2020,10,C. Valenciana,4397
4/15/2020,10,C. Valenciana,4465
4/16/2020,10,C. Valenciana,4524
4/17/2020,10,C. Valenciana,4605
4/18/2020,10,C. Valenciana,4708
4/19/2020,10,C. Valenciana,4781
4/20/2020,10,C. Valenciana,4827
4/21/2020,10,C. Valenciana,4866
4/22/2020,10,C. Valenciana,4896
4/23/2020,10,C. Valenciana,4917
4/24/2020,10,C. Valenciana,4945
4/25/2020,10,C. Valenciana,4978
4/26/2020,10,C. Valenciana,5013
4/27/2020,10,C. Valenciana,5032
4/28/2020,10,C. Valenciana,5046
4/29/2020,10,C. Valenciana,5072
4/30/2020,10,C. Valenciana,5096
5/1/2020,10,C. Valenciana,5126
5/2/2020,10,C. Valenciana,5153
5/3/2020,10,C. Valenciana,5181
5/4/2020,10,C. Valenciana,5204
5/5/2020,10,C. Valenciana,5214
5/6/2020,10,C. Valenciana,5225
5/7/2020,10,C. Valenciana,5252
5/8/2020,10,C. Valenciana,5287
5/9/2020,10,C. Valenciana,5317
5/10/2020,10,C. Valenciana,5354
5/11/2020,10,C. Valenciana,5355
5/12/2020,10,C. Valenciana,5360
5/13/2020,10,C. Valenciana,5370
5/14/2020,10,C. Valenciana,5389
5/15/2020,10,C. Valenciana,5415
5/16/2020,10,C. Valenciana,5435
5/17/2020,10,C. Valenciana,5454
2/21/2020,11,Extremadura,
2/22/2020,11,Extremadura,
2/23/2020,11,Extremadura,
2/24/2020,11,Extremadura,
2/25/2020,11,Extremadura,
2/26/2020,11,Extremadura,
2/27/2020,11,Extremadura,
2/28/2020,11,Extremadura,
2/29/2020,11,Extremadura,
3/1/2020,11,Extremadura,
3/2/2020,11,Extremadura,
3/3/2020,11,Extremadura,
3/4/2020,11,Extremadura,
3/5/2020,11,Extremadura,
3/6/2020,11,Extremadura,
3/7/2020,11,Extremadura,
3/8/2020,11,Extremadura,
3/9/2020,11,Extremadura,
3/10/2020,11,Extremadura,
3/11/2020,11,Extremadura,2
3/12/2020,11,Extremadura,2
3/13/2020,11,Extremadura,3
3/14/2020,11,Extremadura,3
3/15/2020,11,Extremadura,8
3/16/2020,11,Extremadura,9
3/17/2020,11,Extremadura,18
3/18/2020,11,Extremadura,27
3/19/2020,11,Extremadura,36
3/20/2020,11,Extremadura,44
3/21/2020,11,Extremadura,65
3/22/2020,11,Extremadura,87
3/23/2020,11,Extremadura,131
3/24/2020,11,Extremadura,161
3/25/2020,11,Extremadura,209
3/26/2020,11,Extremadura,241
3/27/2020,11,Extremadura,277
3/28/2020,11,Extremadura,312
3/29/2020,11,Extremadura,313
3/30/2020,11,Extremadura,353
3/31/2020,11,Extremadura,371
4/1/2020,11,Extremadura,372
4/2/2020,11,Extremadura,412
4/3/2020,11,Extremadura,415
4/4/2020,11,Extremadura,453
4/5/2020,11,Extremadura,417
4/6/2020,11,Extremadura,453
4/7/2020,11,Extremadura,686
4/8/2020,11,Extremadura,898
4/9/2020,11,Extremadura,958
4/10/2020,11,Extremadura,1003
4/11/2020,11,Extremadura,1052
4/12/2020,11,Extremadura,1074
4/13/2020,11,Extremadura,1096
4/14/2020,11,Extremadura,1114
4/15/2020,11,Extremadura,1155
4/16/2020,11,Extremadura,1186
4/17/2020,11,Extremadura,1212
4/18/2020,11,Extremadura,1240
4/19/2020,11,Extremadura,1278
4/20/2020,11,Extremadura,1306
4/21/2020,11,Extremadura,1327
4/22/2020,11,Extremadura,1349
4/23/2020,11,Extremadura,1375
4/24/2020,11,Extremadura,1413
4/25/2020,11,Extremadura,1447
4/26/2020,11,Extremadura,1480
4/27/2020,11,Extremadura,1490
4/28/2020,11,Extremadura,1505
4/29/2020,11,Extremadura,1526
4/30/2020,11,Extremadura,1550
5/1/2020,11,Extremadura,1565
5/2/2020,11,Extremadura,1592
5/3/2020,11,Extremadura,1603
5/4/2020,11,Extremadura,1618
5/5/2020,11,Extremadura,1629
5/6/2020,11,Extremadura,1650
5/7/2020,11,Extremadura,1664
5/8/2020,11,Extremadura,1678
5/9/2020,11,Extremadura,1695
5/10/2020,11,Extremadura,1711
5/11/2020,11,Extremadura,1725
5/12/2020,11,Extremadura,1737
5/13/2020,11,Extremadura,1754
5/14/2020,11,Extremadura,1761
5/15/2020,11,Extremadura,1772
5/16/2020,11,Extremadura,1772
5/17/2020,11,Extremadura,1775
2/21/2020,12,Galicia,
2/22/2020,12,Galicia,
2/23/2020,12,Galicia,
2/24/2020,12,Galicia,
2/25/2020,12,Galicia,
2/26/2020,12,Galicia,
2/27/2020,12,Galicia,
2/28/2020,12,Galicia,
2/29/2020,12,Galicia,
3/1/2020,12,Galicia,
3/2/2020,12,Galicia,
3/3/2020,12,Galicia,
3/4/2020,12,Galicia,
3/5/2020,12,Galicia,
3/6/2020,12,Galicia,
3/7/2020,12,Galicia,
3/8/2020,12,Galicia,
3/9/2020,12,Galicia,
3/10/2020,12,Galicia,
3/11/2020,12,Galicia,7
3/12/2020,12,Galicia,7
3/13/2020,12,Galicia,15
3/14/2020,12,Galicia,32
3/15/2020,12,Galicia,32
3/16/2020,12,Galicia,49
3/17/2020,12,Galicia,49
3/18/2020,12,Galicia,63
3/19/2020,12,Galicia,100
3/20/2020,12,Galicia,138
3/21/2020,12,Galicia,168
3/22/2020,12,Galicia,227
3/23/2020,12,Galicia,270
3/24/2020,12,Galicia,338
3/25/2020,12,Galicia,412
3/26/2020,12,Galicia,503
3/27/2020,12,Galicia,557
3/28/2020,12,Galicia,906
3/29/2020,12,Galicia,1043
3/30/2020,12,Galicia,1147
3/31/2020,12,Galicia,1250
4/1/2020,12,Galicia,1338
4/2/2020,12,Galicia,1447
4/3/2020,12,Galicia,1630
4/4/2020,12,Galicia,1767
4/5/2020,12,Galicia,1831
4/6/2020,12,Galicia,1916
4/7/2020,12,Galicia,1968
4/8/2020,12,Galicia,2014
4/9/2020,12,Galicia,2094
4/10/2020,12,Galicia,2165
4/11/2020,12,Galicia,2215
4/12/2020,12,Galicia,2306
4/13/2020,12,Galicia,2344
4/14/2020,12,Galicia,2403
4/15/2020,12,Galicia,2471
4/16/2020,12,Galicia,2494
4/17/2020,12,Galicia,2535
4/18/2020,12,Galicia,2554
4/19/2020,12,Galicia,2590
4/20/2020,12,Galicia,2609
4/21/2020,12,Galicia,2652
4/22/2020,12,Galicia,2674
4/23/2020,12,Galicia,2694
4/24/2020,12,Galicia,2707
4/25/2020,12,Galicia,2717
4/26/2020,12,Galicia,2724
4/27/2020,12,Galicia,2728
4/28/2020,12,Galicia,2734
4/29/2020,12,Galicia,2736
4/30/2020,12,Galicia,2747
5/1/2020,12,Galicia,2759
5/2/2020,12,Galicia,2769
5/3/2020,12,Galicia,2774
5/4/2020,12,Galicia,2782
5/5/2020,12,Galicia,2792
5/6/2020,12,Galicia,2811
5/7/2020,12,Galicia,2833
5/8/2020,12,Galicia,2852
5/9/2020,12,Galicia,2876
5/10/2020,12,Galicia,2886
5/11/2020,12,Galicia,2902
5/12/2020,12,Galicia,2905
5/13/2020,12,Galicia,2909
5/14/2020,12,Galicia,2915
5/15/2020,12,Galicia,2921
5/16/2020,12,Galicia,2923
5/17/2020,12,Galicia,2926
2/21/2020,13,Madrid,
2/22/2020,13,Madrid,
2/23/2020,13,Madrid,
2/24/2020,13,Madrid,
2/25/2020,13,Madrid,
2/26/2020,13,Madrid,
2/27/2020,13,Madrid,
2/28/2020,13,Madrid,
2/29/2020,13,Madrid,
3/1/2020,13,Madrid,
3/2/2020,13,Madrid,
3/3/2020,13,Madrid,
3/4/2020,13,Madrid,
3/5/2020,13,Madrid,
3/6/2020,13,Madrid,
3/7/2020,13,Madrid,
3/8/2020,13,Madrid,
3/9/2020,13,Madrid,
3/10/2020,13,Madrid,
3/11/2020,13,Madrid,0
3/12/2020,13,Madrid,0
3/13/2020,13,Madrid,1304
3/14/2020,13,Madrid,1518
3/15/2020,13,Madrid,2337
3/16/2020,13,Madrid,2337
3/17/2020,13,Madrid,3710
3/18/2020,13,Madrid,3778
3/19/2020,13,Madrid,5168
3/20/2020,13,Madrid,6338
3/21/2020,13,Madrid,7388
3/22/2020,13,Madrid,8441
3/23/2020,13,Madrid,9561
3/24/2020,13,Madrid,10443
3/25/2020,13,Madrid,11153
3/26/2020,13,Madrid,12440
3/27/2020,13,Madrid,13580
3/28/2020,13,Madrid,14211
3/29/2020,13,Madrid,14454
3/30/2020,13,Madrid,14917
3/31/2020,13,Madrid,15140
4/1/2020,13,Madrid,15227
4/2/2020,13,Madrid,15227
4/3/2020,13,Madrid,15050
4/4/2020,13,Madrid,14741
4/5/2020,13,Madrid,14551
4/6/2020,13,Madrid,14501
4/7/2020,13,Madrid,13950
4/8/2020,13,Madrid,13289
4/9/2020,13,Madrid,12853
4/10/2020,13,Madrid,12432
4/11/2020,13,Madrid,11894
4/12/2020,13,Madrid,11424
4/13/2020,13,Madrid,11233
4/14/2020,13,Madrid,10753
4/15/2020,13,Madrid,10116
4/16/2020,13,Madrid,9653
4/17/2020,13,Madrid,9141
4/18/2020,13,Madrid,8597
4/19/2020,13,Madrid,8291
4/20/2020,13,Madrid,8191
4/21/2020,13,Madrid,7930
4/22/2020,13,Madrid,7464
4/23/2020,13,Madrid,7077
4/24/2020,13,Madrid,6601
4/25/2020,13,Madrid,6183
4/26/2020,13,Madrid,5892
4/27/2020,13,Madrid,39472
4/28/2020,13,Madrid,39634
4/29/2020,13,Madrid,39850
4/30/2020,13,Madrid,40076
5/1/2020,13,Madrid,40293
5/2/2020,13,Madrid,40457
5/3/2020,13,Madrid,40597
5/4/2020,13,Madrid,40741
5/5/2020,13,Madrid,40851
5/6/2020,13,Madrid,41031
5/7/2020,13,Madrid,41159
5/8/2020,13,Madrid,41304
5/9/2020,13,Madrid,41436
5/10/2020,13,Madrid,41559
5/11/2020,13,Madrid,41650
5/12/2020,13,Madrid,41735
5/13/2020,13,Madrid,41856
5/14/2020,13,Madrid,41962
5/15/2020,13,Madrid,42057
5/16/2020,13,Madrid,42157
5/17/2020,13,Madrid,42227
2/21/2020,19,Melilla,
2/22/2020,19,Melilla,
2/23/2020,19,Melilla,
2/24/2020,19,Melilla,
2/25/2020,19,Melilla,
2/26/2020,19,Melilla,
2/27/2020,19,Melilla,
2/28/2020,19,Melilla,
2/29/2020,19,Melilla,
3/1/2020,19,Melilla,
3/2/2020,19,Melilla,
3/3/2020,19,Melilla,
3/4/2020,19,Melilla,
3/5/2020,19,Melilla,
3/6/2020,19,Melilla,
3/7/2020,19,Melilla,
3/8/2020,19,Melilla,
3/9/2020,19,Melilla,
3/10/2020,19,Melilla,
3/11/2020,19,Melilla,0
3/12/2020,19,Melilla,0
3/13/2020,19,Melilla,3
3/14/2020,19,Melilla,3
3/15/2020,19,Melilla,4
3/16/2020,19,Melilla,4
3/17/2020,19,Melilla,4
3/18/2020,19,Melilla,4
3/19/2020,19,Melilla,4
3/20/2020,19,Melilla,5
3/21/2020,19,Melilla,8
3/22/2020,19,Melilla,12
3/23/2020,19,Melilla,12
3/24/2020,19,Melilla,12
3/25/2020,19,Melilla,14
3/26/2020,19,Melilla,16
3/27/2020,19,Melilla,18
3/28/2020,19,Melilla,22
3/29/2020,19,Melilla,24
3/30/2020,19,Melilla,27
3/31/2020,19,Melilla,27
4/1/2020,19,Melilla,32
4/2/2020,19,Melilla,32
4/3/2020,19,Melilla,34
4/4/2020,19,Melilla,37
4/5/2020,19,Melilla,38
4/6/2020,19,Melilla,38
4/7/2020,19,Melilla,40
4/8/2020,19,Melilla,40
4/9/2020,19,Melilla,40
4/10/2020,19,Melilla,41
4/11/2020,19,Melilla,43
4/12/2020,19,Melilla,43
4/13/2020,19,Melilla,43
4/14/2020,19,Melilla,43
4/15/2020,19,Melilla,43
4/16/2020,19,Melilla,43
4/17/2020,19,Melilla,44
4/18/2020,19,Melilla,44
4/19/2020,19,Melilla,44
4/20/2020,19,Melilla,44
4/21/2020,19,Melilla,44
4/22/2020,19,Melilla,44
4/23/2020,19,Melilla,44
4/24/2020,19,Melilla,44
4/25/2020,19,Melilla,44
4/26/2020,19,Melilla,44
4/27/2020,19,Melilla,44
4/28/2020,19,Melilla,44
4/29/2020,19,Melilla,44
4/30/2020,19,Melilla,44
5/1/2020,19,Melilla,44
5/2/2020,19,Melilla,44
5/3/2020,19,Melilla,44
5/4/2020,19,Melilla,44
5/5/2020,19,Melilla,44
5/6/2020,19,Melilla,44
5/7/2020,19,Melilla,44
5/8/2020,19,Melilla,44
5/9/2020,19,Melilla,44
5/10/2020,19,Melilla,44
5/11/2020,19,Melilla,44
5/12/2020,19,Melilla,44
5/13/2020,19,Melilla,44
5/14/2020,19,Melilla,44
5/15/2020,19,Melilla,44
5/16/2020,19,Melilla,44
5/17/2020,19,Melilla,44
2/21/2020,14,Murcia,
2/22/2020,14,Murcia,
2/23/2020,14,Murcia,
2/24/2020,14,Murcia,
2/25/2020,14,Murcia,
2/26/2020,14,Murcia,
2/27/2020,14,Murcia,
2/28/2020,14,Murcia,
2/29/2020,14,Murcia,
3/1/2020,14,Murcia,
3/2/2020,14,Murcia,
3/3/2020,14,Murcia,
3/4/2020,14,Murcia,
3/5/2020,14,Murcia,
3/6/2020,14,Murcia,
3/7/2020,14,Murcia,
3/8/2020,14,Murcia,
3/9/2020,14,Murcia,
3/10/2020,14,Murcia,
3/11/2020,14,Murcia,4
3/12/2020,14,Murcia,5
3/13/2020,14,Murcia,8
3/14/2020,14,Murcia,8
3/15/2020,14,Murcia,13
3/16/2020,14,Murcia,13
3/17/2020,14,Murcia,18
3/18/2020,14,Murcia,22
3/19/2020,14,Murcia,36
3/20/2020,14,Murcia,47
3/21/2020,14,Murcia,61
3/22/2020,14,Murcia,78
3/23/2020,14,Murcia,80
3/24/2020,14,Murcia,99
3/25/2020,14,Murcia,127
3/26/2020,14,Murcia,172
3/27/2020,14,Murcia,209
3/28/2020,14,Murcia,231
3/29/2020,14,Murcia,260
3/30/2020,14,Murcia,265
3/31/2020,14,Murcia,283
4/1/2020,14,Murcia,304
4/2/2020,14,Murcia,389
4/3/2020,14,Murcia,405
4/4/2020,14,Murcia,434
4/5/2020,14,Murcia,447
4/6/2020,14,Murcia,468
4/7/2020,14,Murcia,500
4/8/2020,14,Murcia,515
4/9/2020,14,Murcia,533
4/10/2020,14,Murcia,533
4/11/2020,14,Murcia,533
4/12/2020,14,Murcia,537
4/13/2020,14,Murcia,543
4/14/2020,14,Murcia,566
4/15/2020,14,Murcia,574
4/16/2020,14,Murcia,575
4/17/2020,14,Murcia,585
4/18/2020,14,Murcia,611
4/19/2020,14,Murcia,612
4/20/2020,14,Murcia,612
4/21/2020,14,Murcia,614
4/22/2020,14,Murcia,622
4/23/2020,14,Murcia,624
4/24/2020,14,Murcia,625
4/25/2020,14,Murcia,625
4/26/2020,14,Murcia,627
4/27/2020,14,Murcia,627
4/28/2020,14,Murcia,629
4/29/2020,14,Murcia,635
4/30/2020,14,Murcia,637
5/1/2020,14,Murcia,638
5/2/2020,14,Murcia,639
5/3/2020,14,Murcia,641
5/4/2020,14,Murcia,645
5/5/2020,14,Murcia,650
5/6/2020,14,Murcia,650
5/7/2020,14,Murcia,652
5/8/2020,14,Murcia,659
5/9/2020,14,Murcia,662
5/10/2020,14,Murcia,662
5/11/2020,14,Murcia,665
5/12/2020,14,Murcia,665
5/13/2020,14,Murcia,666
5/14/2020,14,Murcia,672
5/15/2020,14,Murcia,675
5/16/2020,14,Murcia,676
5/17/2020,14,Murcia,676
2/21/2020,15,Navarra,
2/22/2020,15,Navarra,
2/23/2020,15,Navarra,
2/24/2020,15,Navarra,
2/25/2020,15,Navarra,
2/26/2020,15,Navarra,
2/27/2020,15,Navarra,
2/28/2020,15,Navarra,
2/29/2020,15,Navarra,
3/1/2020,15,Navarra,
3/2/2020,15,Navarra,
3/3/2020,15,Navarra,
3/4/2020,15,Navarra,
3/5/2020,15,Navarra,
3/6/2020,15,Navarra,
3/7/2020,15,Navarra,
3/8/2020,15,Navarra,
3/9/2020,15,Navarra,
3/10/2020,15,Navarra,
3/11/2020,15,Navarra,10
3/12/2020,15,Navarra,17
3/13/2020,15,Navarra,28
3/14/2020,15,Navarra,28
3/15/2020,15,Navarra,34
3/16/2020,15,Navarra,58
3/17/2020,15,Navarra,72
3/18/2020,15,Navarra,93
3/19/2020,15,Navarra,132
3/20/2020,15,Navarra,172
3/21/2020,15,Navarra,222
3/22/2020,15,Navarra,288
3/23/2020,15,Navarra,339
3/24/2020,15,Navarra,405
3/25/2020,15,Navarra,506
3/26/2020,15,Navarra,649
3/27/2020,15,Navarra,732
3/28/2020,15,Navarra,827
3/29/2020,15,Navarra,896
3/30/2020,15,Navarra,955
3/31/2020,15,Navarra,1035
4/1/2020,15,Navarra,1120
4/2/2020,15,Navarra,1181
4/3/2020,15,Navarra,1284
4/4/2020,15,Navarra,1341
4/5/2020,15,Navarra,1399
4/6/2020,15,Navarra,1432
4/7/2020,15,Navarra,1488
4/8/2020,15,Navarra,1526
4/9/2020,15,Navarra,1526
4/10/2020,15,Navarra,1620
4/11/2020,15,Navarra,1641
4/12/2020,15,Navarra,1663
4/13/2020,15,Navarra,1693
4/14/2020,15,Navarra,1705
4/15/2020,15,Navarra,1731
4/16/2020,15,Navarra,1752
4/17/2020,15,Navarra,1781
4/18/2020,15,Navarra,1829
4/19/2020,15,Navarra,1843
4/20/2020,15,Navarra,1856
4/21/2020,15,Navarra,1877
4/22/2020,15,Navarra,1894
4/23/2020,15,Navarra,1907
4/24/2020,15,Navarra,1915
4/25/2020,15,Navarra,1937
4/26/2020,15,Navarra,1942
4/27/2020,15,Navarra,1942
4/28/2020,15,Navarra,1945
4/29/2020,15,Navarra,1951
4/30/2020,15,Navarra,1965
5/1/2020,15,Navarra,1977
5/2/2020,15,Navarra,1979
5/3/2020,15,Navarra,1986
5/4/2020,15,Navarra,1990
5/5/2020,15,Navarra,1995
5/6/2020,15,Navarra,2005
5/7/2020,15,Navarra,2015
5/8/2020,15,Navarra,2015
5/9/2020,15,Navarra,2021
5/10/2020,15,Navarra,2023
5/11/2020,15,Navarra,2029
5/12/2020,15,Navarra,2039
5/13/2020,15,Navarra,2042
5/14/2020,15,Navarra,2045
5/15/2020,15,Navarra,2045
5/16/2020,15,Navarra,2045
5/17/2020,15,Navarra,2045
2/21/2020,16,País Vasco,
2/22/2020,16,País Vasco,
2/23/2020,16,País Vasco,
2/24/2020,16,País Vasco,
2/25/2020,16,País Vasco,
2/26/2020,16,País Vasco,
2/27/2020,16,País Vasco,
2/28/2020,16,País Vasco,
2/29/2020,16,País Vasco,
3/1/2020,16,País Vasco,
3/2/2020,16,País Vasco,
3/3/2020,16,País Vasco,
3/4/2020,16,País Vasco,
3/5/2020,16,País Vasco,
3/6/2020,16,País Vasco,
3/7/2020,16,País Vasco,
3/8/2020,16,País Vasco,
3/9/2020,16,País Vasco,
3/10/2020,16,País Vasco,
3/11/2020,16,País Vasco,102
3/12/2020,16,País Vasco,146
3/13/2020,16,País Vasco,179
3/14/2020,16,País Vasco,179
3/15/2020,16,País Vasco,262
3/16/2020,16,País Vasco,262
3/17/2020,16,País Vasco,309
3/18/2020,16,País Vasco,353
3/19/2020,16,País Vasco,455
3/20/2020,16,País Vasco,550
3/21/2020,16,País Vasco,654
3/22/2020,16,País Vasco,988
3/23/2020,16,País Vasco,1252
3/24/2020,16,País Vasco,1425
3/25/2020,16,País Vasco,1577
3/26/2020,16,País Vasco,1907
3/27/2020,16,País Vasco,2270
3/28/2020,16,País Vasco,2612
3/29/2020,16,País Vasco,3106
3/30/2020,16,País Vasco,3427
3/31/2020,16,País Vasco,3594
4/1/2020,16,País Vasco,3806
4/2/2020,16,País Vasco,4087
4/3/2020,16,País Vasco,4283
4/4/2020,16,País Vasco,4522
4/5/2020,16,País Vasco,4666
4/6/2020,16,País Vasco,4794
4/7/2020,16,País Vasco,4856
4/8/2020,16,País Vasco,4982
4/9/2020,16,País Vasco,5130
4/10/2020,16,País Vasco,5290
4/11/2020,16,País Vasco,5402
4/12/2020,16,País Vasco,5547
4/13/2020,16,País Vasco,5622
4/14/2020,16,País Vasco,5679
4/15/2020,16,País Vasco,5750
4/16/2020,16,País Vasco,5863
4/17/2020,16,País Vasco,5939
4/18/2020,16,País Vasco,6030
4/19/2020,16,País Vasco,6086
4/20/2020,16,País Vasco,6109
4/21/2020,16,País Vasco,6141
4/22/2020,16,País Vasco,6201
4/23/2020,16,País Vasco,6260
4/24/2020,16,País Vasco,6315
4/25/2020,16,País Vasco,6375
4/26/2020,16,País Vasco,6426
4/27/2020,16,País Vasco,6457
4/28/2020,16,País Vasco,6482
4/29/2020,16,País Vasco,6522
4/30/2020,16,País Vasco,6561
5/1/2020,16,País Vasco,6607
5/2/2020,16,País Vasco,6659
5/3/2020,16,País Vasco,6692
5/4/2020,16,País Vasco,6719
5/5/2020,16,País Vasco,6736
5/6/2020,16,País Vasco,6781
5/7/2020,16,País Vasco,6797
5/8/2020,16,País Vasco,6818
5/9/2020,16,País Vasco,6865
5/10/2020,16,País Vasco,6902
5/11/2020,16,País Vasco,6922
5/12/2020,16,País Vasco,6929
5/13/2020,16,País Vasco,6955
5/14/2020,16,País Vasco,6994
5/15/2020,16,País Vasco,7009
5/16/2020,16,País Vasco,7011
5/17/2020,16,País Vasco,7015
2/21/2020,17,La Rioja,
2/22/2020,17,La Rioja,
2/23/2020,17,La Rioja,
2/24/2020,17,La Rioja,
2/25/2020,17,La Rioja,
2/26/2020,17,La Rioja,
2/27/2020,17,La Rioja,
2/28/2020,17,La Rioja,
2/29/2020,17,La Rioja,
3/1/2020,17,La Rioja,
3/2/2020,17,La Rioja,
3/3/2020,17,La Rioja,
3/4/2020,17,La Rioja,
3/5/2020,17,La Rioja,
3/6/2020,17,La Rioja,
3/7/2020,17,La Rioja,
3/8/2020,17,La Rioja,
3/9/2020,17,La Rioja,
3/10/2020,17,La Rioja,
3/11/2020,17,La Rioja,13
3/12/2020,17,La Rioja,21
3/13/2020,17,La Rioja,27
3/14/2020,17,La Rioja,38
3/15/2020,17,La Rioja,58
3/16/2020,17,La Rioja,64
3/17/2020,17,La Rioja,82
3/18/2020,17,La Rioja,99
3/19/2020,17,La Rioja,121
3/20/2020,17,La Rioja,122
3/21/2020,17,La Rioja,128
3/22/2020,17,La Rioja,134
3/23/2020,17,La Rioja,166
3/24/2020,17,La Rioja,206
3/25/2020,17,La Rioja,254
3/26/2020,17,La Rioja,316
3/27/2020,17,La Rioja,388
3/28/2020,17,La Rioja,458
3/29/2020,17,La Rioja,497
3/30/2020,17,La Rioja,517
3/31/2020,17,La Rioja,575
4/1/2020,17,La Rioja,619
4/2/2020,17,La Rioja,660
4/3/2020,17,La Rioja,738
4/4/2020,17,La Rioja,805
4/5/2020,17,La Rioja,855
4/6/2020,17,La Rioja,888
4/7/2020,17,La Rioja,918
4/8/2020,17,La Rioja,955
4/9/2020,17,La Rioja,997
4/10/2020,17,La Rioja,1047
4/11/2020,17,La Rioja,1082
4/12/2020,17,La Rioja,1122
4/13/2020,17,La Rioja,1141
4/14/2020,17,La Rioja,1152
4/15/2020,17,La Rioja,1182
4/16/2020,17,La Rioja,1207
4/17/2020,17,La Rioja,1226
4/18/2020,17,La Rioja,1249
4/19/2020,17,La Rioja,1268
4/20/2020,17,La Rioja,1282
4/21/2020,17,La Rioja,1297
4/22/2020,17,La Rioja,1318
4/23/2020,17,La Rioja,1331
4/24/2020,17,La Rioja,1344
4/25/2020,17,La Rioja,1360
4/26/2020,17,La Rioja,1380
4/27/2020,17,La Rioja,1392
4/28/2020,17,La Rioja,1400
4/29/2020,17,La Rioja,1413
4/30/2020,17,La Rioja,1424
5/1/2020,17,La Rioja,1433
5/2/2020,17,La Rioja,1439
5/3/2020,17,La Rioja,1446
5/4/2020,17,La Rioja,1449
5/5/2020,17,La Rioja,1452
5/6/2020,17,La Rioja,1458
5/7/2020,17,La Rioja,1463
5/8/2020,17,La Rioja,1469
5/9/2020,17,La Rioja,1473
5/10/2020,17,La Rioja,1474
5/11/2020,17,La Rioja,1475
5/12/2020,17,La Rioja,1478
5/13/2020,17,La Rioja,1481
5/14/2020,17,La Rioja,1484
5/15/2020,17,La Rioja,1488
5/16/2020,17,La Rioja,1490
5/17/2020,17,La Rioja,1496
